b,rho_m,k_rho,abs_v,normalized_abs_v,re_v,im_v
8.0000000000e-01,1.5088320320e-05,1.0000000000e-02,6.0370550000e+03,1.0000000000e+00,6.0356009528e+03,1.3249230472e+02
8.0000000000e-01,1.6167426506e-05,1.0715193052e-02,5.6350039868e+03,9.3340279107e-01,5.6334461694e+03,1.3249222081e+02
8.0000000000e-01,1.7323709618e-05,1.1481536215e-02,5.2598018602e+03,8.7125293049e-01,5.2581328859e+03,1.3249212446e+02
8.0000000000e-01,1.8562689294e-05,1.2302687708e-02,4.9096575330e+03,8.1325373596e-01,4.9078694927e+03,1.3249201385e+02
8.0000000000e-01,1.9890279935e-05,1.3182567386e-02,4.5828995366e+03,7.5912833934e-01,4.5809839623e+03,1.3249188685e+02
8.0000000000e-01,2.1312818937e-05,1.4125375446e-02,4.2779680442e+03,7.0861836512e-01,4.2759158698e+03,1.3249174103e+02
8.0000000000e-01,2.2837096940e-05,1.5135612484e-02,3.9934074254e+03,6.6148269735e-01,3.9912089457e+03,1.3249157360e+02
8.0000000000e-01,2.4470390247e-05,1.6218100974e-02,3.7278592997e+03,6.1749632888e-01,3.7255041259e+03,1.3249138138e+02
8.0000000000e-01,2.6220495556e-05,1.7378008287e-02,3.4800560532e+03,5.7644928747e-01,3.4775330661e+03,1.3249116067e+02
8.0000000000e-01,2.8095767181e-05,1.8620871367e-02,3.2488147883e+03,5.3814563365e-01,3.2461120881e+03,1.3249090727e+02
8.0000000000e-01,3.0105156930e-05,1.9952623150e-02,3.0330352221e+03,5.0240311246e-01,3.0301400784e+03,1.3249061632e+02
8.0000000000e-01,3.2258256838e-05,2.1379620895e-02,2.8316818881e+03,4.6905020546e-01,2.8285806760e+03,1.3249028227e+02
8.0000000000e-01,3.4565344955e-05,2.2908676528e-02,2.6437952194e+03,4.3792796644e-01,2.6404733646e+03,1.3248989873e+02
8.0000000000e-01,3.7037434412e-05,2.4547089157e-02,2.4684782611e+03,4.0888782048e-01,2.4649201749e+03,1.3248945836e+02
8.0000000000e-01,3.9686325989e-05,2.6302679919e-02,2.3048940629e+03,3.8179113209e-01,2.3010830751e+03,1.3248895276e+02
8.0000000000e-01,4.2524664451e-05,2.8183829313e-02,2.1522616865e+03,3.5650854375e-01,2.1481799735e+03,1.3248837225e+02
8.0000000000e-01,4.5565998908e-05,3.0199517204e-02,2.0098524794e+03,3.3291935877e-01,2.0054809889e+03,1.3248770574e+02
8.0000000000e-01,4.8824847492e-05,3.2359365693e-02,1.8769865986e+03,3.1091096546e-01,1.8723049703e+03,1.3248694048e+02
8.0000000000e-01,5.2316766663e-05,3.4673685045e-02,1.7530297668e+03,2.9037829981e-01,1.7480162490e+03,1.3248606185e+02
8.0000000000e-01,5.6058425467e-05,3.7153522910e-02,1.6373902450e+03,2.7122334400e-01,1.6320216068e+03,1.3248505305e+02
8.0000000000e-01,6.0067685109e-05,3.9810717055e-02,1.5295160060e+03,2.5335465819e-01,1.5237674463e+03,1.3248389479e+02
8.0000000000e-01,6.4363684216e-05,4.2657951880e-02,1.4288920939e+03,2.3668694321e-01,1.4227371458e+03,1.3248256495e+02
8.0000000000e-01,6.8966930193e-05,4.5708818961e-02,1.3350381568e+03,2.2114063178e-01,1.3284485894e+03,1.3248103809e+02
8.0000000000e-01,7.3899397125e-05,4.8977881937e-02,1.2475061383e+03,2.0664150622e-01,1.2404518549e+03,1.3247928503e+02
8.0000000000e-01,7.9184630665e-05,5.2480746025e-02,1.1658939182e+03,1.9312295783e-01,1.1583429547e+03,1.3247727226e+02
8.0000000000e-01,8.4847860436e-05,5.6234132519e-02,1.0897799804e+03,1.8051516516e-01,1.0816981050e+03,1.3247496131e+02
8.0000000000e-01,9.0916120465e-05,6.0255958607e-02,1.0188155551e+03,1.6876035668e-01,1.0101664332e+03,1.3247230801e+02
8.0000000000e-01,9.7418378235e-05,6.4565422903e-02,9.5266158274e+02,1.5780236933e-01,9.4340658570e+02,1.3246926164e+02
8.0000000000e-01,1.0438567296e-04,6.9183097092e-02,8.9100194042e+02,1.4758883933e-01,8.8110003927e+02,1.3246576399e+02
8.0000000000e-01,1.1185126377e-04,7.4131024130e-02,8.3354192371e+02,1.3807095077e-01,8.2294958767e+02,1.3246174819e+02
8.0000000000e-01,1.1985078845e-04,7.9432823472e-02,7.8000682553e+02,1.2920320016e-01,7.6867792644e+02,1.3245713752e+02
8.0000000000e-01,1.2842243357e-04,8.5113803820e-02,7.3014060193e+02,1.2094317543e-01,7.1802632796e+02,1.3245184385e+02
8.0000000000e-01,1.3760711679e-04,9.1201083936e-02,6.8370461583e+02,1.1325134786e-01,6.7075339788e+02,1.3244576603e+02
8.0000000000e-01,1.4744868218e-04,9.7723722096e-02,6.4047645013e+02,1.0609087546e-01,6.2663390478e+02,1.3243878792e+02
8.0000000000e-01,1.5799410949e-04,1.0471285481e-01,6.0024878267e+02,9.9427416625e-02,5.8545767620e+02,1.3243077619e+02
8.0000000000e-01,1.6929373843e-04,1.1220184543e-01,5.6282831799e+02,9.3228953188e-02,5.4702855617e+02,1.3242157778e+02
8.0000000000e-01,1.8140150899e-04,1.2022644346e-01,5.2806321691e+02,8.7470333949e-02,5.1119280476e+02,1.3241101697e+02
8.0000000000e-01,1.9437521888e-04,1.2882495517e-01,4.9572406799e+02,8.2113558347e-02,4.7771632270e+02,1.3239889203e+02
8.0000000000e-01,2.0827679949e-04,1.3803842646e-01,4.6568503267e+02,7.7137782027e-02,4.4647146494e+02,1.3238497138e+02
8.0000000000e-01,2.2317261148e-04,1.4791083882e-01,4.3780011392e+02,7.2518821498e-02,4.1730970567e+02,1.3236898919e+02
8.0000000000e-01,2.3913376161e-04,1.5848931925e-01,4.1193317410e+02,6.8234126424e-02,3.9009261455e+02,1.3235064032e+02
8.0000000000e-01,2.5623644209e-04,1.6982436525e-01,3.8795719608e+02,6.4262657219e-02,3.6469119774e+02,1.3232957448e+02
8.0000000000e-01,2.7456229441e-04,1.8197008586e-01,3.6575916621e+02,6.0585693888e-02,3.4099127781e+02,1.3230538962e+02
8.0000000000e-01,2.9419879895e-04,1.9498445998e-01,3.4521949901e+02,5.7183427849e-02,3.1887165539e+02,1.3227762427e+02
8.0000000000e-01,3.1523969265e-04,2.0892961309e-01,3.2623560021e+02,5.4038865011e-02,2.9822932245e+02,1.3224574880e+02
8.0000000000e-01,3.3778541646e-04,2.2387211386e-01,3.0871040042e+02,5.1135926445e-02,2.7896747225e+02,1.3220915535e+02
8.0000000000e-01,3.6194359476e-04,2.3988329190e-01,2.9255258337e+02,4.8459486184e-02,2.6099589931e+02,1.3216714637e+02
8.0000000000e-01,3.8782954919e-04,2.5703957828e-01,2.7771421749e+02,4.6001604672e-02,2.4427397979e+02,1.3211892141e+02
8.0000000000e-01,4.1556684910e-04,2.7542287033e-01,2.6402668678e+02,4.3734351729e-02,2.2862481692e+02,1.3206356205e+02
8.0000000000e-01,4.4528790143e-04,2.9512092267e-01,2.5145843658e+02,4.1652500528e-02,2.1402649715e+02,1.3200001455e+02
8.0000000000e-01,4.7713458277e-04,3.1622776602e-01,2.3992782536e+02,3.9742527666e-02,2.0040112162e+02,1.3192707014e+02
8.0000000000e-01,5.1125891663e-04,3.3884415614e-01,2.2939387956e+02,3.7997646130e-02,1.8772023084e+02,1.3184334231e+02
8.0000000000e-01,5.4782379915e-04,3.6307805477e-01,2.1976846509e+02,3.6403257067e-02,1.7590009309e+02,1.3174724096e+02
8.0000000000e-01,5.8700377666e-04,3.8904514499e-01,2.1098809900e+02,3.4948844925e-02,1.6488691039e+02,1.3163694277e+02
8.0000000000e-01,6.2898587893e-04,4.1686938347e-01,2.0299267784e+02,3.3624453950e-02,1.5463199263e+02,1.3151035744e+02
8.0000000000e-01,6.7397051200e-04,4.4668359215e-01,1.9572496270e+02,3.2420602877e-02,1.4509126226e+02,1.3136508912e+02
8.0000000000e-01,7.2217241477e-04,4.7863009232e-01,1.8912976734e+02,3.1328150454e-02,1.3622426624e+02,1.3119839244e+02
8.0000000000e-01,7.7382168413e-04,5.1286138399e-01,1.8315312537e+02,3.0338157492e-02,1.2799297321e+02,1.3100712249e+02
8.0000000000e-01,8.2916487336e-04,5.4954087386e-01,1.7778919784e+02,2.9449656802e-02,1.2043081912e+02,1.3078767785e+02
8.0000000000e-01,8.8846616903e-04,5.8884365536e-01,1.7287673279e+02,2.8635938019e-02,1.1334343456e+02,1.3053593598e+02
8.0000000000e-01,9.5200865217e-04,6.3095734448e-01,1.6841688855e+02,2.7897193010e-02,1.0677041002e+02,1.3024717998e+02
8.0000000000e-01,1.0200956496e-03,6.7608297539e-01,1.6440929278e+02,2.7233360104e-02,1.0075834670e+02,1.2991601565e+02
8.0000000000e-01,1.0930521817e-03,7.2443596007e-01,1.6077637459e+02,2.6631590169e-02,9.5233372825e+01,1.2953627803e+02
8.0000000000e-01,1.1712265143e-03,7.7624711663e-01,1.5747669966e+02,2.6085019875e-02,9.0176836335e+01,1.2910092612e+02
8.0000000000e-01,1.2549918209e-03,8.3176377110e-01,1.5447169340e+02,2.5587259583e-02,8.5574815024e+01,1.2860192493e+02
8.0000000000e-01,1.3447479640e-03,8.9125093813e-01,1.5172511777e+02,2.5132306692e-02,8.1417451227e+01,1.2803011364e+02
8.0000000000e-01,1.4409234041e-03,9.5499258602e-01,1.4920209865e+02,2.4714384522e-02,7.7697236372e+01,1.2737505918e+02
8.0000000000e-01,1.5439772449e-03,1.0232929923e+00,1.4686806822e+02,2.4327767134e-02,7.4406757637e+01,1.2662489439e+02
8.0000000000e-01,1.6544014247e-03,1.0964781961e+00,1.4468831820e+02,2.3966705322e-02,7.1537314128e+01,1.2576614056e+02
8.0000000000e-01,1.7727230652e-03,1.1748975549e+00,1.4262880750e+02,2.3625560394e-02,6.9080035029e+01,1.2478351450e+02
8.0000000000e-01,1.8995069872e-03,1.2589254118e+00,1.4065808311e+02,2.3299122356e-02,6.7029617941e+01,1.2365972127e+02
8.0000000000e-01,2.0353584072e-03,1.3489628826e+00,1.3876115855e+02,2.2984908792e-02,6.5413768246e+01,1.2237523461e+02
8.0000000000e-01,2.1809258264e-03,1.4454397707e+00,1.3687871740e+02,2.2673094315e-02,6.4164025253e+01,1.2090806897e+02
8.0000000000e-01,2.3369041263e-03,1.5488166189e+00,1.3501837657e+02,2.2364940616e-02,6.3350791818e+01,1.1923354892e+02
8.0000000000e-01,2.5040378858e-03,1.6595869074e+00,1.3314635309e+02,2.2054851760e-02,6.2952445817e+01,1.1732408494e+02
8.0000000000e-01,2.6831249357e-03,1.7782794100e+00,1.3123514842e+02,2.1738272787e-02,6.2955375409e+01,1.1514896824e+02
8.0000000000e-01,2.8750201669e-03,1.9054607180e+00,1.2926943329e+02,2.1412664501e-02,6.3364899409e+01,1.1267420248e+02
8.0000000000e-01,3.0806396118e-03,2.0417379447e+00,1.2723033518e+02,2.1074900789e-02,6.4170179435e+01,1.0986239694e+02
8.0000000000e-01,3.3009648166e-03,2.1877616239e+00,1.2510192153e+02,2.0722342521e-02,6.5356057884e+01,1.0667275410e+02
8.0000000000e-01,3.5370475269e-03,2.3442288153e+00,1.2287520417e+02,2.0353500867e-02,6.6908189325e+01,1.0306119542e+02
8.0000000000e-01,3.7900147086e-03,2.5118864315e+00,1.2052421491e+02,1.9964074356e-02,6.8767077096e+01,9.8980682393e+01
8.0000000000e-01,4.0610739274e-03,2.6915348039e+00,1.1806231373e+02,1.9556275987e-02,7.0928023893e+01,9.4381806241e+01
8.0000000000e-01,4.3515191132e-03,2.8840315031e+00,1.1547439454e+02,1.9127603533e-02,7.3316059282e+01,8.9213739114e+01
8.0000000000e-01,4.6627367369e-03,3.0902954325e+00,1.1276739102e+02,1.8679205509e-02,7.5872547245e+01,8.3425661824e+01
8.0000000000e-01,4.9962124288e-03,3.3113112148e+00,1.0994484075e+02,1.8211667899e-02,7.8509047893e+01,7.6968808005e+01
8.0000000000e-01,5.3535380705e-03,3.5481338923e+00,1.0700242491e+02,1.7724275314e-02,8.1102269134e+01,6.9799289945e+01
8.0000000000e-01,5.7364193939e-03,3.8018939632e+00,1.0396460732e+02,1.7221080034e-02,8.3542029489e+01,6.1881894644e+01
8.0000000000e-01,6.1466841235e-03,4.0738027780e+00,1.0084165659e+02,1.6703782985e-02,8.5669865581e+01,5.3195054609e+01
8.0000000000e-01,6.5862907015e-03,4.3651583224e+00,9.7653518898e+01,1.6175688129e-02,8.7311323563e+01,4.3737198479e+01
8.0000000000e-01,7.0573376366e-03,4.6773514129e+00,9.4407890853e+01,1.5638070359e-02,8.8251212438e+01,3.3534659063e+01
8.0000000000e-01,7.5620735212e-03,5.0118723363e+00,9.1138280407e+01,1.5096480057e-02,8.8278578150e+01,2.2651242689e+01
8.0000000000e-01,8.1029077656e-03,5.3703179637e+00,8.7862276691e+01,1.4553830749e-02,8.7145583349e+01,1.1199418205e+01
8.0000000000e-01,8.6824220994e-03,5.7543993734e+00,8.4602204845e+01,1.4013820455e-02,8.4599729547e+01,-6.4716708003e-01
8.0000000000e-01,9.3033828957e-03,6.1659500186e+00,8.1379310735e+01,1.3479968418e-02,8.0391598297e+01,-1.2640535546e+01
8.0000000000e-01,9.9687543768e-03,6.6069344801e+00,7.8212538408e+01,1.2955412599e-02,7.4294013121e+01,-2.4445874469e+01
8.0000000000e-01,1.0681712764e-02,7.0794578438e+00,7.5119254625e+01,1.2443029693e-02,6.6130764490e+01,-3.5631789225e+01
8.0000000000e-01,1.1445661439e-02,7.5857757503e+00,7.2112982693e+01,1.1945059751e-02,5.5810860509e+01,-4.5666509853e+01
8.0000000000e-01,1.2264247194e-02,8.1283051616e+00,6.9204318381e+01,1.1463257893e-02,4.3374881042e+01,-5.3924552637e+01
8.0000000000e-01,1.3141377632e-02,8.7096358996e+00,6.6398705440e+01,1.0998525844e-02,2.9043707302e+01,-5.9709724085e+01
8.0000000000e-01,1.4081239830e-02,9.3325430080e+00,6.3701182840e+01,1.0551698277e-02,1.3280248320e+01,-6.2301490349e+01
5.0000000000e-01,1.5088320320e-05,1.0000000000e-02,5.9527669910e+03,9.8603822411e-01,5.9527143579e+03,2.5032423115e+01
5.0000000000e-01,1.6167426506e-05,1.0715193052e-02,5.5506161411e+03,9.1942447785e-01,5.5505596947e+03,2.5032414928e+01
5.0000000000e-01,1.7323709618e-05,1.1481536215e-02,5.1753070891e+03,8.5725690575e-01,5.1752465492e+03,2.5032405527e+01
5.0000000000e-01,1.8562689294e-05,1.2302687708e-02,4.8250482490e+03,7.9923874291e-01,4.8249833145e+03,2.5032394734e+01
5.0000000000e-01,1.9890279935e-05,1.3182567386e-02,4.4981676194e+03,7.4509303285e-01,4.4980979660e+03,2.5032382342e+01
5.0000000000e-01,2.1312818937e-05,1.4125375446e-02,4.1931048033e+03,6.9456130570e-01,4.1930300824e+03,2.5032368113e+01
5.0000000000e-01,2.2837096940e-05,1.5135612484e-02,3.9084035620e+03,6.4740234469e-01,3.9083233982e+03,2.5032351777e+01
5.0000000000e-01,2.4470390247e-05,1.6218100974e-02,3.6427048647e+03,6.0339103499e-01,3.6426188538e+03,2.5032333021e+01
5.0000000000e-01,2.6220495556e-05,1.7378008287e-02,3.3947404036e+03,5.6231728940e-01,3.3946481100e+03,2.5032311485e+01
5.0000000000e-01,2.8095767181e-05,1.8620871367e-02,3.1633265403e+03,5.2398504574e-01,3.1632274950e+03,2.5032286760e+01
5.0000000000e-01,3.0105156930e-05,1.9952623150e-02,2.9473586570e+03,4.8821133102e-01,2.9472523541e+03,2.5032258371e+01
5.0000000000e-01,3.2258256838e-05,2.1379620895e-02,2.7458058821e+03,4.5482538789e-01,2.7456917762e+03,2.5032225776e+01
5.0000000000e-01,3.4565344955e-05,2.2908676528e-02,2.5577127132e+03,4.2366894343e-01,2.5575902160e+03,2.5032188352e+01
5.0000000000e-01,3.7037434412e-05,2.4547089157e-02,2.3821691812e+03,3.9459126696e-01,2.3820376570e+03,2.5032145383e+01
5.0000000000e-01,3.9686325989e-05,2.6302679919e-02,2.2183425186e+03,3.6745441587e-01,2.2182012812e+03,2.5032096049e+01
5.0000000000e-01,4.2524664451e-05,2.8183829313e-02,2.0654507031e+03,3.4212885308e-01,2.0652990108e+03,2.5032039406e+01
5.0000000000e-01,4.5565998908e-05,3.0199517204e-02,1.9227639298e+03,3.1849369102e-01,1.9226009805e+03,2.5031974371e+01
5.0000000000e-01,4.8824847492e-05,3.2359365693e-02,1.7896011318e+03,2.9643611525e-01,1.7894260574e+03,2.5031899701e+01
5.0000000000e-01,5.2316766663e-05,3.4673685045e-02,1.6653267331e+03,2.7585084666e-01,1.6651385937e+03,2.5031813968e+01
5.0000000000e-01,5.6058425467e-05,3.7153522910e-02,1.5493476184e+03,2.5663963943e-01,1.5491453954e+03,2.5031715534e+01
5.0000000000e-01,6.0067685109e-05,3.9810717055e-02,1.4411103038e+03,2.3871081244e-01,1.4408928921e+03,2.5031602517e+01
5.0000000000e-01,6.4363684216e-05,4.2657951880e-02,1.3400982940e+03,2.2197881153e-01,1.3398644943e+03,2.5031472757e+01
5.0000000000e-01,6.8966930193e-05,4.5708818961e-02,1.2458296130e+03,2.0636380040e-01,1.2455781218e+03,2.5031323772e+01
5.0000000000e-01,7.3899397125e-05,4.8977881937e-02,1.1578544945e+03,1.9179127812e-01,1.1575838941e+03,2.5031152716e+01
5.0000000000e-01,7.9184630665e-05,5.2480746025e-02,1.0757532208e+03,1.7819172110e-01,1.0754619674e+03,2.5030956317e+01
5.0000000000e-01,8.4847860436e-05,5.6234132519e-02,9.9914990860e+02,1.6550286665e-01,9.9883632412e+02,2.5030730823e+01
5.0000000000e-01,9.0916120465e-05,6.0255958607e-02,9.2764620003e+02,1.5365872930e-01,9.2730844270e+02,2.5030471922e+01
5.0000000000e-01,9.7418378235e-05,6.4565422903e-02,8.6091688386e+02,1.4260543988e-01,8.6055294507e+02,2.5030174666e+01
5.0000000000e-01,1.0438567296e-04,6.9183097092e-02,7.9864370958e+02,1.3229028220e-01,7.9825139042e+02,2.5029833372e+01
5.0000000000e-01,1.1185126377e-04,7.4131024130e-02,7.4052977730e+02,1.2266407666e-01,7.4010666673e+02,2.5029441519e+01
5.0000000000e-01,1.1985078845e-04,7.9432823472e-02,6.8629812755e+02,1.1368094668e-01,6.8584157752e+02,2.5028991614e+01
5.0000000000e-01,1.2842243357e-04,8.5113803820e-02,6.3569042188e+02,1.0529810013e-01,6.3519751882e+02,2.5028475061e+01
5.0000000000e-01,1.3760711679e-04,9.1201083936e-02,5.8846570582e+02,9.7475624426e-02,5.8793323775e+02,2.5027881985e+01
5.0000000000e-01,1.4744868218e-04,9.7723722096e-02,5.4440367385e+02,9.0177027350e-02,5.4382809720e+02,2.5027201054e+01
5.0000000000e-01,1.5799410949e-04,1.0471285481e-01,5.0328630369e+02,8.3366194890e-02,5.0266368659e+02,2.5026419252e+01
5.0000000000e-01,1.6929373843e-04,1.1220184543e-01,4.6492140660e+02,7.7011292195e-02,4.6424738834e+02,2.5025521641e+01
5.0000000000e-01,1.8140150899e-04,1.2022644346e-01,4.2912689610e+02,7.1082157791e-02,4.2839662441e+02,2.5024491067e+01
5.0000000000e-01,1.9437521888e-04,1.2882495517e-01,3.9575448972e+02,6.5554229624e-02,3.9496259342e+02,2.5023307840e+01
5.0000000000e-01,2.0827679949e-04,1.3803842646e-01,3.6459700140e+02,6.0393188632e-02,3.6373737157e+02,2.5021949352e+01
5.0000000000e-01,2.2317261148e-04,1.4791083882e-01,3.3553228024e+02,5.5578801294e-02,3.3459810398e+02,2.5020389651e+01
5.0000000000e-01,2.3913376161e-04,1.5848931925e-01,3.0842316784e+02,5.1088348183e-02,3.0740676662e+02,2.5018598941e+01
5.0000000000e-01,2.5623644209e-04,1.6982436525e-01,2.8314339743e+02,4.6900914011e-02,2.8203609004e+02,2.5016543021e+01
5.0000000000e-01,2.7456229441e-04,1.8197008586e-01,2.5957669072e+02,4.2997238012e-02,2.5836863013e+02,2.5014182625e+01
5.0000000000e-01,2.9419879895e-04,1.9498445998e-01,2.3760763583e+02,3.9358202938e-02,2.3628756811e+02,2.5011472683e+01
5.0000000000e-01,3.1523969265e-04,2.0892961309e-01,2.1713427232e+02,3.5966919686e-02,2.1568929986e+02,2.5008361456e+01
5.0000000000e-01,3.3778541646e-04,2.2387211386e-01,1.9806249851e+02,3.2807800908e-02,1.9647776927e+02,2.5004789558e+01
5.0000000000e-01,3.6194359476e-04,2.3988329190e-01,1.8030529175e+02,2.9866431853e-02,1.7856361273e+02,2.5000688825e+01
5.0000000000e-01,3.8782954919e-04,2.5703957828e-01,1.6378187935e+02,2.7129433034e-02,1.6186322910e+02,2.4995981019e+01
5.0000000000e-01,4.1556684910e-04,2.7542287033e-01,1.4845112333e+02,2.4589990207e-02,1.4633252240e+02,2.4990576350e+01
5.0000000000e-01,4.4528790143e-04,2.9512092267e-01,1.3416580472e+02,2.2223717479e-02,1.3181898317e+02,2.4984371769e+01
5.0000000000e-01,4.7713458277e-04,3.1622776602e-01,1.2089815742e+02,2.0026015568e-02,1.1828990446e+02,2.4977249026e+01
5.0000000000e-01,5.1125891663e-04,3.3884415614e-01,1.0862686620e+02,1.7993353745e-02,1.0571821736e+02,2.4969072430e+01
5.0000000000e-01,5.4782379915e-04,3.6307805477e-01,9.7278286274e+01,1.6113533217e-02,9.4021694519e+01,2.4959686297e+01
5.0000000000e-01,5.8700377666e-04,3.8904514499e-01,8.6810498443e+01,1.4379610330e-02,8.3148147478e+01,2.4948912021e+01
5.0000000000e-01,6.2898587893e-04,4.1686938347e-01,7.7189501718e+01,1.2785953038e-02,7.3050584617e+01,2.4936544720e+01
5.0000000000e-01,6.7397051200e-04,4.4668359215e-01,6.8389457923e+01,1.1328281409e-02,6.3686689779e+01,2.4922349407e+01
5.0000000000e-01,7.2217241477e-04,4.7863009232e-01,6.0485262785e+01,1.0019001448e-02,5.5119464424e+01,2.4906056607e+01
5.0000000000e-01,7.7382168413e-04,5.1286138399e-01,5.3189259822e+01,8.8104646757e-03,4.7007624962e+01,2.4887357350e+01
5.0000000000e-01,8.2916487336e-04,5.4954087386e-01,4.6777961821e+01,7.7484736882e-03,3.9621520110e+01,2.4865897456e+01
5.0000000000e-01,8.8846616903e-04,5.8884365536e-01,4.1166709624e+01,6.8190052309e-03,3.2826958974e+01,2.4841271018e+01
5.0000000000e-01,9.5200865217e-04,6.3095734448e-01,3.6377856232e+01,6.0257619373e-03,2.6601932471e+01,2.4813012974e+01
5.0000000000e-01,1.0200956496e-03,6.7608297539e-01,3.2428312141e+01,5.3715449240e-03,2.0916925091e+01,2.4780590652e+01
5.0000000000e-01,1.0930521817e-03,7.2443596007e-01,2.9321903930e+01,4.8569880397e-03,1.5733356131e+01,2.4743394167e+01
5.0000000000e-01,1.1712265143e-03,7.7624711663e-01,2.7066115971e+01,4.4833310234e-03,1.1065658250e+01,2.4700725521e+01
5.0000000000e-01,1.2549918209e-03,8.3176377110e-01,2.5593751323e+01,4.2394431263e-03,6.8796468937e+00,2.4651786251e+01
5.0000000000e-01,1.3447479640e-03,8.9125093813e-01,2.4797254205e+01,4.1075084135e-03,3.1554957867e+00,2.4595663489e+01
5.0000000000e-01,1.4409234041e-03,9.5499258602e-01,2.4531608361e+01,4.0635058586e-03,-1.2012916203e-01,2.4531314228e+01
5.0000000000e-01,1.5439772449e-03,1.0232929923e+00,2.4635828180e+01,4.0807692128e-03,-2.9584442338e+00,2.4457547666e+01
5.0000000000e-01,1.6544014247e-03,1.0964781961e+00,2.4959167063e+01,4.1343282550e-03,-5.3774182762e+00,2.4373005419e+01
5.0000000000e-01,1.7727230652e-03,1.1748975549e+00,2.5375791701e+01,4.2033394927e-03,-7.3891715459e+00,2.4276139485e+01
5.0000000000e-01,1.8995069872e-03,1.2589254118e+00,2.5794994787e+01,4.2727778340e-03,-9.0236054149e+00,2.4165187799e+01
5.0000000000e-01,2.0353584072e-03,1.3489628826e+00,2.6143888119e+01,4.3305698091e-03,-1.0279608926e+01,2.4038147314e+01
5.0000000000e-01,2.1809258264e-03,1.4454397707e+00,2.6381461928e+01,4.3699224088e-03,-1.1185628719e+01,2.3892744581e+01
5.0000000000e-01,2.3369041263e-03,1.5488166189e+00,2.6479176230e+01,4.3861081653e-03,-1.1756042333e+01,2.3726403909e+01
5.0000000000e-01,2.5040378858e-03,1.6595869074e+00,2.6426240585e+01,4.3773397104e-03,-1.2016357699e+01,2.3536213355e+01
5.0000000000e-01,2.6831249357e-03,1.7782794100e+00,2.6219819236e+01,4.3431473186e-03,-1.1987841271e+01,2.3318888962e+01
5.0000000000e-01,2.8750201669e-03,1.9054607180e+00,2.5865727812e+01,4.2844943125e-03,-1.1695166677e+01,2.3070737995e+01
5.0000000000e-01,3.0806396118e-03,2.0417379447e+00,2.5375290478e+01,4.2032564683e-03,-1.1163764473e+01,2.2787622290e+01
5.0000000000e-01,3.3009648166e-03,2.1877616239e+00,2.4763141596e+01,4.1018578754e-03,-1.0418272431e+01,2.2464923353e+01
5.0000000000e-01,3.5370475269e-03,2.3442288153e+00,2.4049773129e+01,3.9836928981e-03,-9.4916579666e+00,2.2097511548e+01
5.0000000000e-01,3.7900147086e-03,2.5118864315e+00,2.3252058637e+01,3.8515565350e-03,-8.4052280305e+00,2.1679722614e+01
5.0000000000e-01,4.0610739274e-03,2.6915348039e+00,2.2389594144e+01,3.7086947434e-03,-7.1852092144e+00,2.1205345894e+01
5.0000000000e-01,4.3515191132e-03,2.8840315031e+00,2.1485595378e+01,3.5589530620e-03,-5.8719564887e+00,2.0667630143e+01
5.0000000000e-01,4.6627367369e-03,3.0902954325e+00,2.0549000794e+01,3.4038120895e-03,-4.4592970977e+00,2.0059314620e+01
5.0000000000e-01,4.9962124288e-03,3.3113112148e+00,1.9603798203e+01,3.2472452550e-03,-3.0012625392e+00,1.9372695402e+01
5.0000000000e-01,5.3535380705e-03,3.5481338923e+00,1.8661056326e+01,3.0910860222e-03,-1.5115258955e+00,1.8599739586e+01
5.0000000000e-01,5.7364193939e-03,3.8018939632e+00,1.7732268256e+01,2.9372381495e-03,-1.3461665279e-02,1.7732263147e+01
5.0000000000e-01,6.1466841235e-03,4.0738027780e+00,1.6826901370e+01,2.7872698476e-03,1.4742918656e+00,1.6762191778e+01
5.0000000000e-01,6.5862907015e-03,4.3651583224e+00,1.5950426713e+01,2.6420873610e-03,2.9143191694e+00,1.5681927691e+01
5.0000000000e-01,7.0573376366e-03,4.6773514129e+00,1.5108720846e+01,2.5026641046e-03,4.2968125901e+00,1.4484848883e+01
5.0000000000e-01,7.5620735212e-03,5.0118723363e+00,1.4304352531e+01,2.3694255778e-03,5.5921135246e+00,1.3165970062e+01
5.0000000000e-01,8.1029077656e-03,5.3703179637e+00,1.3538718825e+01,2.2426031940e-03,6.7729594901e+00,1.1722795195e+01
5.0000000000e-01,8.6824220994e-03,5.7543993734e+00,1.2812252952e+01,2.1222687141e-03,7.8103513817e+00,1.0156388974e+01
5.0000000000e-01,9.3033828957e-03,6.1659500186e+00,1.2124232269e+01,2.0083024370e-03,8.6724046529e+00,8.4726858581e+00
5.0000000000e-01,9.9687543768e-03,6.6069344801e+00,1.1474527098e+01,1.9006828823e-03,9.3267579685e+00,6.6840375464e+00
5.0000000000e-01,1.0681712764e-02,7.0794578438e+00,1.0861045637e+01,1.7990635562e-03,9.7373968310e+00,4.8109682285e+00
5.0000000000e-01,1.1445661439e-02,7.5857757503e+00,1.0282564283e+01,1.7032417765e-03,9.8698200742e+00,2.8840561604e+00
5.0000000000e-01,1.2264247194e-02,8.1283051616e+00,9.7378113516e+00,1.6130068969e-03,9.6917729349e+00,9.4578395963e-01
5.0000000000e-01,1.3141377632e-02,8.7096358996e+00,9.2236738772e+00,1.5278432741e-03,9.1748368273e+00,-9.4790768871e-01
5.0000000000e-01,1.4081239830e-02,9.3325430080e+00,8.7401932797e+00,1.4477577693e-03,8.3039570703e+00,-2.7267701668e+00
2.0000000000e-01,1.5088320320e-05,1.0000000000e-02,5.8963809632e+03,9.7669823503e-01,5.8963805262e+03,2.2703049000e+00
2.0000000000e-01,1.6167426506e-05,1.0715193052e-02,5.4942288317e+03,9.1008427647e-01,5.4942283626e+03,2.2703042907e+00
2.0000000000e-01,1.7323709618e-05,1.1481536215e-02,5.1189185904e+03,8.4791650738e-01,5.1189180870e+03,2.2703035912e+00
2.0000000000e-01,1.8562689294e-05,1.2302687708e-02,4.7686586873e+03,7.8989816845e-01,4.7686581469e+03,2.2703027881e+00
2.0000000000e-01,1.9890279935e-05,1.3182567386e-02,4.4417771611e+03,7.3575230989e-01,4.4417765809e+03,2.2703018659e+00
2.0000000000e-01,2.1312818937e-05,1.4125375446e-02,4.1367136628e+03,6.8522046973e-01,4.1367130399e+03,2.2703008072e+00
2.0000000000e-01,2.2837096940e-05,1.5135612484e-02,3.8520120099e+03,6.3806144055e-01,3.8520113409e+03,2.2702995916e+00
2.0000000000e-01,2.4470390247e-05,1.6218100974e-02,3.5863132383e+03,5.9405011853e-01,3.5863125197e+03,2.2702981959e+00
2.0000000000e-01,2.6220495556e-05,1.7378008287e-02,3.3383491181e+03,5.5297642943e-01,3.3383483462e+03,2.2702965934e+00
2.0000000000e-01,2.8095767181e-05,1.8620871367e-02,3.1069361030e+03,5.1464432625e-01,3.1069352735e+03,2.2702947535e+00
2.0000000000e-01,3.0105156930e-05,1.9952623150e-02,2.8909732301e+03,4.7887144148e-01,2.8909723387e+03,2.2702926410e+00
2.0000000000e-01,3.2258256838e-05,2.1379620895e-02,2.6894243118e+03,4.4548613716e-01,2.6894233535e+03,2.2702902155e+00
2.0000000000e-01,3.4565344955e-05,2.2908676528e-02,2.5013290302e+03,4.1432934274e-01,2.5013279999e+03,2.2702874308e+00
2.0000000000e-01,3.7037434412e-05,2.4547089157e-02,2.3257896440e+03,3.8525235301e-01,2.3257885359e+03,2.2702842334e+00
2.0000000000e-01,3.9686325989e-05,2.6302679919e-02,2.1619683824e+03,3.5811639656e-01,2.1619671904e+03,2.2702805623e+00
2.0000000000e-01,4.2524664451e-05,2.8183829313e-02,2.0090834534e+03,3.3279197447e-01,2.0090821707e+03,2.2702763474e+00
2.0000000000e-01,4.5565998908e-05,3.0199517204e-02,1.8664053191e+03,3.0915824340e-01,1.8664039384e+03,2.2702715080e+00
2.0000000000e-01,4.8824847492e-05,3.2359365693e-02,1.7332532222e+03,2.8710244021e-01,1.7332517353e+03,2.2702659516e+00
2.0000000000e-01,5.2316766663e-05,3.4673685045e-02,1.6089919448e+03,2.6651934509e-01,1.6089903432e+03,2.2702595721e+00
2.0000000000e-01,5.6058425467e-05,3.7153522910e-02,1.4930287858e+03,2.4731078080e-01,1.4930270598e+03,2.2702522474e+00
2.0000000000e-01,6.0067685109e-05,3.9810717055e-02,1.3848107390e+03,2.2938514542e-01,1.3848088781e+03,2.2702438376e+00
2.0000000000e-01,6.4363684216e-05,4.2657951880e-02,1.2838218606e+03,2.1265697607e-01,1.2838198534e+03,2.2702341818e+00
2.0000000000e-01,6.8966930193e-05,4.5708818961e-02,1.1895808097e+03,1.9704654168e-01,1.1895786434e+03,2.2702230955e+00
2.0000000000e-01,7.3899397125e-05,4.8977881937e-02,1.1016385506e+03,1.8247946236e-01,1.1016362114e+03,2.2702103668e+00
2.0000000000e-01,7.9184630665e-05,5.2480746025e-02,1.0195762056e+03,1.6888635364e-01,1.0195736782e+03,2.2701957523e+00
2.0000000000e-01,8.4847860436e-05,5.6234132519e-02,9.4301886028e+02,1.5620511330e-01,9.4301612772e+02,2.2701789728e+00
2.0000000000e-01,9.0916120465e-05,6.0255958607e-02,8.7156925233e+02,1.4436993738e-01,8.7156629581e+02,2.2701597073e+00
2.0000000000e-01,9.7418378235e-05,6.4565422903e-02,8.0490343946e+02,1.3332716688e-01,8.0490023812e+02,2.2701375877e+00
2.0000000000e-01,1.0438567296e-04,6.9183097092e-02,7.4270461601e+02,1.2302432494e-01,7.4270114665e+02,2.2701121912e+00
2.0000000000e-01,1.1185126377e-04,7.4131024130e-02,6.8467753177e+02,1.1341250523e-01,6.8467376847e+02,2.2700830323e+00
2.0000000000e-01,1.1985078845e-04,7.9432823472e-02,6.3054710435e+02,1.0444614209e-01,6.3054301810e+02,2.2700495537e+00
2.0000000000e-01,1.2842243357e-04,8.5113803820e-02,5.8005712868e+02,9.6082796774e-02,5.8005268690e+02,2.2700111155e+00
2.0000000000e-01,1.3760711679e-04,9.1201083936e-02,5.3296906885e+02,8.8282957311e-02,5.3296423482e+02,2.2699669829e+00
2.0000000000e-01,1.4744868218e-04,9.7723722096e-02,4.8906092473e+02,8.1009850785e-02,4.8905565693e+02,2.2699163126e+00
2.0000000000e-01,1.5799410949e-04,1.0471285481e-01,4.4812617043e+02,7.4229267487e-02,4.4812042172e+02,2.2698581361e+00
2.0000000000e-01,1.6929373843e-04,1.1220184543e-01,4.0997275277e+02,6.7909395023e-02,4.0996646944e+02,2.2697913417e+00
2.0000000000e-01,1.8140150899e-04,1.2022644346e-01,3.7445153077e+02,6.2025529131e-02,3.7444465184e+02,2.2697146528e+00
2.0000000000e-01,1.9437521888e-04,1.2882495517e-01,3.4133355585e+02,5.6539745928e-02,3.4132601007e+02,2.2696266041e+00
2.0000000000e-01,2.0827679949e-04,1.3803842646e-01,3.1049690701e+02,5.1431849969e-02,3.1048861254e+02,2.2695255131e+00
2.0000000000e-01,2.2317261148e-04,1.4791083882e-01,2.8179940298e+02,4.6678289825e-02,2.8179026473e+02,2.2694094484e+00
2.0000000000e-01,2.3913376161e-04,1.5848931925e-01,2.5510457592e+02,4.2256460464e-02,2.5509448258e+02,2.2692761926e+00
2.0000000000e-01,2.5623644209e-04,1.6982436525e-01,2.3030743117e+02,3.8148970179e-02,2.3029625253e+02,2.2691232001e+00
2.0000000000e-01,2.7456229441e-04,1.8197008586e-01,2.0728322415e+02,3.4335155825e-02,2.0727080569e+02,2.2689475487e+00
2.0000000000e-01,2.9419879895e-04,1.9498445998e-01,1.8592852253e+02,3.0797884487e-02,1.8591468012e+02,2.2687458837e+00
2.0000000000e-01,3.1523969265e-04,2.0892961309e-01,1.6614858383e+02,2.7521462672e-02,1.6613309649e+02,2.2685143544e+00
2.0000000000e-01,3.3778541646e-04,2.2387211386e-01,1.4785662058e+02,2.4491514584e-02,1.4783922111e+02,2.2682485402e+00
2.0000000000e-01,3.6194359476e-04,2.3988329190e-01,1.3097279966e+02,2.1694816374e-02,1.3095316218e+02,2.2679433674e+00
2.0000000000e-01,3.8782954919e-04,2.5703957828e-01,1.1542311328e+02,1.9119109115e-02,1.1540083665e+02,2.2675930118e+00
2.0000000000e-01,4.1556684910e-04,2.7542287033e-01,1.0113424094e+02,1.6752247734e-02,1.0110882522e+02,2.2671907889e+00
2.0000000000e-01,4.4528790143e-04,2.9512092267e-01,8.8053667305e+01,1.4585533394e-02,8.8024486737e+01,2.2667290270e+00
2.0000000000e-01,4.7713458277e-04,3.1622776602e-01,7.6115007489e+01,1.2607969861e-02,7.6081263840e+01,2.2661989215e+00
2.0000000000e-01,5.1125891663e-04,3.3884415614e-01,6.5262173727e+01,1.0810266550e-02,6.5222836644e+01,2.2655903688e+00
2.0000000000e-01,5.4782379915e-04,3.6307805477e-01,5.5442399687e+01,9.1836830519e-03,5.5396118531e+01,2.2648917753e+00
2.0000000000e-01,5.8700377666e-04,3.8904514499e-01,4.6605811731e+01,7.7199581140e-03,4.6550785003e+01,2.2640898386e+00
2.0000000000e-01,6.2898587893e-04,4.1686938347e-01,3.8704813134e+01,6.4112076392e-03,3.8638589835e+01,2.2631692977e+00
2.0000000000e-01,6.7397051200e-04,4.4668359215e-01,3.1693111700e+01,5.2497636182e-03,3.1612278874e+01,2.2621126465e+00
2.0000000000e-01,7.2217241477e-04,4.7863009232e-01,2.5524396430e+01,4.2279549267e-03,2.5424066259e+01,2.2608998059e+00
2.0000000000e-01,7.7382168413e-04,5.1286138399e-01,2.0151072181e+01,3.3378977302e-03,2.0023993977e+01,2.2595077495e+00
2.0000000000e-01,8.2916487336e-04,5.4954087386e-01,1.5524022837e+01,2.5714562543e-03,1.5358942904e+01,2.2579100756e+00
2.0000000000e-01,8.8846616903e-04,5.8884365536e-01,1.1594755645e+01,1.9205979811e-03,1.1373147199e+01,2.2560765184e+00
2.0000000000e-01,9.5200865217e-04,6.3095734448e-01,8.3213401972e+00,1.3783774038e-03,8.0102628632e+00,2.2539723909e+00
2.0000000000e-01,1.0200956496e-03,6.7608297539e-01,5.6806817134e+00,9.4096901775e-04,5.2154224689e+00,2.2515579496e+00
2.0000000000e-01,1.0930521817e-03,7.2443596007e-01,3.6973228649e+00,6.1243816147e-04,2.9348169235e+00,2.2487876717e+00
2.0000000000e-01,1.1712265143e-03,7.7624711663e-01,2.5060957748e+00,4.1511892385e-04,1.1125440696e+00,2.2456094330e+00
2.0000000000e-01,1.2549918209e-03,8.3176377110e-01,2.2634122042e+00,3.7491992440e-04,-3.1086030942e-01,2.2419635755e+00
2.0000000000e-01,1.3447479640e-03,8.9125093813e-01,2.6361664033e+00,4.3666430127e-04,-1.3934510015e+00,2.2377818509e+00
2.0000000000e-01,1.4409234041e-03,9.5499258602e-01,3.1243318141e+00,5.1752581583e-04,-2.1852280884e+00,2.2329862261e+00
2.0000000000e-01,1.5439772449e-03,1.0232929923e+00,3.5243745407e+00,5.8379036480e-04,-2.7312113017e+00,2.2274875373e+00
2.0000000000e-01,1.6544014247e-03,1.0964781961e+00,3.7966683398e+00,6.2889411142e-04,-3.0791284850e+00,2.2211839760e+00
2.0000000000e-01,1.7727230652e-03,1.1748975549e+00,3.9501524492e+00,6.5431778396e-04,-3.2714046178e+00,2.2139593941e+00
2.0000000000e-01,1.8995069872e-03,1.2589254118e+00,4.0027479838e+00,6.6302990180e-04,-3.3402037247e+00,2.2056814139e+00
2.0000000000e-01,2.0353584072e-03,1.3489628826e+00,3.9762781514e+00,6.5864534138e-04,-3.3147392718e+00,2.1961993300e+00
2.0000000000e-01,2.1809258264e-03,1.4454397707e+00,3.8923772099e+00,6.4474768077e-04,-3.2210062978e+00,2.1853417979e+00
2.0000000000e-01,2.3369041263e-03,1.5488166189e+00,3.7679118709e+00,6.2413078412e-04,-3.0782467893e+00,2.1729143036e+00
2.0000000000e-01,2.5040378858e-03,1.6595869074e+00,3.6178013708e+00,5.9926592863e-04,-2.9031907466e+00,2.1586964231e+00
2.0000000000e-01,2.6831249357e-03,1.7782794100e+00,3.4520841669e+00,5.7181592133e-04,-2.7068137552e+00,2.1424388884e+00
2.0000000000e-01,2.8750201669e-03,1.9054607180e+00,3.2791682365e+00,5.4317349047e-04,-2.4984316914e+00,2.1238604960e+00
2.0000000000e-01,3.0806396118e-03,2.0417379447e+00,3.1041732831e+00,5.1418668260e-04,-2.2835884295e+00,2.1026449193e+00
2.0000000000e-01,3.3009648166e-03,2.1877616239e+00,2.9318630006e+00,4.8564457349e-04,-2.0678293353e+00,2.0784375128e+00
2.0000000000e-01,3.5370475269e-03,2.3442288153e+00,2.7641618384e+00,4.5786593603e-04,-1.8532772936e+00,2.0508422519e+00
2.0000000000e-01,3.7900147086e-03,2.5118864315e+00,2.6026264387e+00,4.3110861814e-04,-1.6418316952e+00,2.0194189917e+00
2.0000000000e-01,4.0610739274e-03,2.6915348039e+00,2.4481364476e+00,4.0551832766e-04,-1.4347057104e+00,1.9836813229e+00
2.0000000000e-01,4.3515191132e-03,2.8840315031e+00,2.3010177321e+00,3.8114904238e-04,-1.2325027088e+00,1.9430953852e+00
2.0000000000e-01,4.6627367369e-03,3.0902954325e+00,2.1612554542e+00,3.5799830450e-04,-1.0354284728e+00,1.8970801290e+00
2.0000000000e-01,4.9962124288e-03,3.3113112148e+00,2.0289157664e+00,3.3607707175e-04,-8.4406073093e-01,1.8450096665e+00
2.0000000000e-01,5.3535380705e-03,3.5481338923e+00,1.9036892038e+00,3.1533408323e-04,-6.5837367640e-01,1.7862185440e+00
2.0000000000e-01,5.7364193939e-03,3.8018939632e+00,1.7853305470e+00,2.9572871988e-04,-4.7850533307e-01,1.7200109907e+00
2.0000000000e-01,6.1466841235e-03,4.0738027780e+00,1.6738763914e+00,2.7726704352e-04,-3.0596480260e-01,1.6456754580e+00
2.0000000000e-01,6.5862907015e-03,4.3651583224e+00,1.5685922416e+00,2.5982738961e-04,-1.3804464509e-01,1.5625060948e+00
2.0000000000e-01,7.0573376366e-03,4.6773514129e+00,1.4699864519e+00,2.4349396384e-04,2.1240047468e-02,1.4698329936e+00
2.0000000000e-01,7.5620735212e-03,5.0118723363e+00,1.3778597465e+00,2.2823375743e-04,1.7214748261e-01,1.3670635410e+00
2.0000000000e-01,8.1029077656e-03,5.3703179637e+00,1.2921275048e+00,2.1403275353e-04,3.1262834361e-01,1.2537372163e+00
2.0000000000e-01,8.6824220994e-03,5.7543993734e+00,1.2126069380e+00,2.0086067428e-04,4.4093945639e-01,1.1295963801e+00
2.0000000000e-01,9.3033828957e-03,6.1659500186e+00,1.1386302510e+00,1.8860690370e-04,5.5416587515e-01,9.9467533966e-01
2.0000000000e-01,9.9687543768e-03,6.6069344801e+00,1.0699483274e+00,1.7723017720e-04,6.5061003334e-01,8.4940921106e-01
2.0000000000e-01,1.0681712764e-02,7.0794578438e+00,1.0050209835e+00,1.6647537310e-04,7.2620377068e-01,6.9476273707e-01
2.0000000000e-01,1.1445661439e-02,7.5857757503e+00,9.4258586930e-01,1.5613339108e-04,7.7784538777e-01,5.3237643986e-01
2.0000000000e-01,1.2264247194e-02,8.1283051616e+00,8.8463305395e-01,1.4653387355e-04,8.0594814639e-01,3.6472349180e-01
2.0000000000e-01,1.3141377632e-02,8.7096358996e+00,8.2400466090e-01,1.3649116347e-04,8.0053456849e-01,1.9526414377e-01
2.0000000000e-01,1.4081239830e-02,9.3325430080e+00,7.6892091539e-01,1.2736688922e-04,7.6838973388e-01,2.8576056253e-02
