x,y,phi,Ex,Ey
0.0000000000e+00,0.0000000000e+00,0.0000000000e+00,-0.0000000000e+00,-1.6963628291e+00
6.2500000000e-02,0.0000000000e+00,0.0000000000e+00,-0.0000000000e+00,-1.6801724230e+00
1.2500000000e-01,0.0000000000e+00,0.0000000000e+00,-0.0000000000e+00,-1.6317902850e+00
1.8750000000e-01,0.0000000000e+00,0.0000000000e+00,-0.0000000000e+00,-1.5522521813e+00
2.5000000000e-01,0.0000000000e+00,0.0000000000e+00,-0.0000000000e+00,-1.4446141089e+00
3.1250000000e-01,0.0000000000e+00,0.0000000000e+00,-0.0000000000e+00,-1.3150394448e+00
3.7500000000e-01,0.0000000000e+00,0.0000000000e+00,-0.0000000000e+00,-1.1725200678e+00
4.3750000000e-01,0.0000000000e+00,0.0000000000e+00,-0.0000000000e+00,-1.0266374981e+00
5.0000000000e-01,0.0000000000e+00,0.0000000000e+00,-0.0000000000e+00,-8.8536966308e-01
5.6250000000e-01,0.0000000000e+00,0.0000000000e+00,-0.0000000000e+00,-7.5408182911e-01
6.2500000000e-01,0.0000000000e+00,0.0000000000e+00,-0.0000000000e+00,-6.3558096050e-01
6.8750000000e-01,0.0000000000e+00,0.0000000000e+00,-0.0000000000e+00,-5.3069453792e-01
7.5000000000e-01,0.0000000000e+00,0.0000000000e+00,-0.0000000000e+00,-4.3894542705e-01
8.1250000000e-01,0.0000000000e+00,0.0000000000e+00,-0.0000000000e+00,-3.5911332145e-01
8.7500000000e-01,0.0000000000e+00,0.0000000000e+00,-0.0000000000e+00,-2.8962774375e-01
9.3750000000e-01,0.0000000000e+00,0.0000000000e+00,-0.0000000000e+00,-2.2881079809e-01
1.0000000000e+00,0.0000000000e+00,0.0000000000e+00,-0.0000000000e+00,-1.7500943164e-01
1.0625000000e+00,0.0000000000e+00,0.0000000000e+00,-0.0000000000e+00,-1.2665491685e-01
1.1250000000e+00,0.0000000000e+00,0.0000000000e+00,-0.0000000000e+00,-8.2277923521e-02
1.1875000000e+00,0.0000000000e+00,0.0000000000e+00,-0.0000000000e+00,-4.0498117688e-02
1.2500000000e+00,0.0000000000e+00,0.0000000000e+00,-0.0000000000e+00,-0.0000000000e+00
0.0000000000e+00,6.2500000000e-02,1.0602267682e-01,1.6190406079e-02,-1.7125532352e+00
6.2500000000e-02,6.2500000000e-02,1.0501077644e-01,3.2286272069e-02,-1.6962682892e+00
1.2500000000e-01,6.2500000000e-02,1.0198689281e-01,6.3960120891e-02,-1.6473682679e+00
1.8750000000e-01,6.2500000000e-02,9.7015761328e-02,9.3588088028e-02,-1.5663021657e+00
2.5000000000e-01,6.2500000000e-02,9.0288381807e-02,1.1860636821e-01,-1.4555824046e+00
3.1250000000e-01,6.2500000000e-02,8.2189965302e-02,1.3604702055e-01,-1.3215118014e+00
3.7500000000e-01,6.2500000000e-02,7.3282504238e-02,1.4420097335e-01,-1.1742016641e+00
4.3750000000e-01,6.2500000000e-02,6.4164843634e-02,1.4357520237e-01,-1.0243301308e+00
5.0000000000e-01,6.2500000000e-02,5.5335603943e-02,1.3627783452e-01,-8.8037966254e-01
5.6250000000e-01,6.2500000000e-02,4.7130114319e-02,1.2489435129e-01,-7.4768834643e-01
6.2500000000e-01,6.2500000000e-02,3.9723810031e-02,1.1169364560e-01,-6.2877373757e-01
6.8750000000e-01,6.2500000000e-02,3.3168408620e-02,9.8317766726e-02,-5.2412588207e-01
7.5000000000e-01,6.2500000000e-02,2.7434089191e-02,8.5790608234e-02,-4.3298692442e-01
8.1250000000e-01,6.2500000000e-02,2.2444582591e-02,7.4658841649e-02,-3.5394005751e-01
8.7500000000e-01,6.2500000000e-02,1.8101733985e-02,6.5151261680e-02,-2.8529342774e-01
9.3750000000e-01,6.2500000000e-02,1.4300674881e-02,5.7309156059e-02,-2.2530300849e-01
1.0000000000e+00,6.2500000000e-02,1.0938089477e-02,5.1077940618e-02,-1.7228600579e-01
1.0625000000e+00,6.2500000000e-02,7.9159323034e-03,4.6365754057e-02,-1.2466615613e-01
1.1250000000e+00,6.2500000000e-02,5.1423702201e-03,4.3078399583e-02,-8.0979329767e-02
1.1875000000e+00,6.2500000000e-02,2.5311323555e-03,4.1138961761e-02,-3.9857273616e-02
1.2500000000e+00,6.2500000000e-02,0.0000000000e+00,4.0498117688e-02,-0.0000000000e+00
0.0000000000e+00,1.2500000000e-01,2.1406915440e-01,3.2569892035e-02,-1.7613135335e+00
6.2500000000e-02,1.2500000000e-01,2.1203353615e-01,6.5184967303e-02,-1.7449792307e+00
1.2500000000e-01,1.2500000000e-01,2.0592103349e-01,1.2996612346e-01,-1.6951123315e+00
1.8750000000e-01,1.2500000000e-01,1.9578777071e-01,1.9178586325e-01,-1.6100058091e+00
2.5000000000e-01,1.2500000000e-01,1.8194780058e-01,2.4479036429e-01,-1.4899015422e+00
3.1250000000e-01,1.2500000000e-01,1.6518897518e-01,2.8138074050e-01,-1.3412236921e+00
3.7500000000e-01,1.2500000000e-01,1.4677520802e-01,2.9718167065e-01,-1.1784446566e+00
4.3750000000e-01,1.2500000000e-01,1.2804126635e-01,2.9382200160e-01,-1.0161016983e+00
5.0000000000e-01,1.2500000000e-01,1.1004745782e-01,2.7664178435e-01,-8.6413051003e-01
5.6250000000e-01,1.2500000000e-01,9.3461043303e-02,2.5160592498e-01,-7.2751815693e-01
6.2500000000e-01,1.2500000000e-01,7.8596717196e-02,2.2356246436e-01,-6.0769976129e-01
6.8750000000e-01,1.2500000000e-01,6.5515735258e-02,1.9578681315e-01,-5.0404832841e-01
7.5000000000e-01,1.2500000000e-01,5.4123365552e-02,1.7018582456e-01,-4.1493633111e-01
8.1250000000e-01,1.2500000000e-01,4.4242507188e-02,1.4769349668e-01,-3.3836655643e-01
8.7500000000e-01,1.2500000000e-01,3.5661678467e-02,1.2863704902e-01,-2.7230290120e-01
9.3750000000e-01,1.2500000000e-01,2.8162876061e-02,1.1300742195e-01,-2.1482180235e-01
1.0000000000e+00,1.2500000000e-01,2.1535750723e-02,1.0063685236e-01,-1.6416542667e-01
1.0625000000e+00,1.2500000000e-01,1.5583269516e-02,9.1306676019e-02,-1.1874437210e-01
1.1250000000e+00,1.2500000000e-01,1.0122416221e-02,8.4808882516e-02,-7.7115965814e-02
1.1875000000e+00,1.2500000000e-01,4.9821592020e-03,8.0979329767e-02,-3.7951646985e-02
1.2500000000e+00,1.2500000000e-01,0.0000000000e+00,7.9714547231e-02,-0.0000000000e+00
0.0000000000e+00,1.8750000000e-01,3.2618686851e-01,4.8859011815e-02,-1.8427424378e+00
6.2500000000e-02,1.8750000000e-01,3.2313318027e-01,9.8487474080e-02,-1.8272227681e+00
1.2500000000e-01,1.8750000000e-01,3.1387593425e-01,1.9893354243e-01,-1.7780960186e+00
1.8750000000e-01,1.8750000000e-01,2.9826648747e-01,2.9879887737e-01,-1.6887071968e+00
2.5000000000e-01,1.8750000000e-01,2.7652607458e-01,3.8738848522e-01,-1.5527942630e+00
3.1250000000e-01,1.8750000000e-01,2.4984292682e-01,4.4750390612e-01,-1.3750367678e+00
3.7500000000e-01,1.8750000000e-01,2.2058808631e-01,4.6932296714e-01,-1.1822515719e+00
4.3750000000e-01,1.8750000000e-01,1.9117755592e-01,4.5788934895e-01,-9.9750149568e-01
5.0000000000e-01,1.8750000000e-01,1.6335191770e-01,4.2486137590e-01,-8.3252252226e-01
5.6250000000e-01,1.8750000000e-01,1.3806988394e-01,3.8132510002e-01,-6.9055400998e-01
6.2500000000e-01,1.8750000000e-01,1.1568628019e-01,3.3516347412e-01,-5.7045882232e-01
6.8750000000e-01,1.8750000000e-01,9.6174449672e-02,2.9108119691e-01,-4.6943133921e-01
7.5000000000e-01,1.8750000000e-01,7.9301130580e-02,2.5147238021e-01,-3.8434351527e-01
8.1250000000e-01,1.8750000000e-01,6.4740402145e-02,2.1729227156e-01,-3.1228693591e-01
8.7500000000e-01,1.8750000000e-01,5.2139596635e-02,1.8869601576e-01,-2.5072981831e-01
9.3750000000e-01,1.8750000000e-01,4.1153400175e-02,1.6544663059e-01,-1.9751587291e-01
1.0000000000e+00,1.8750000000e-01,3.1458767811e-02,1.4715537087e-01,-1.5080952646e-01
1.0625000000e+00,1.8750000000e-01,2.2758978816e-02,1.3341521491e-01,-1.0902993966e-01
1.1250000000e+00,1.8750000000e-01,1.4781865947e-02,1.2387112470e-01,-7.0788514377e-02
1.1875000000e+00,1.8750000000e-01,7.2750882287e-03,1.1825492757e-01,-3.4833348512e-02
1.2500000000e+00,1.8750000000e-01,0.0000000000e+00,1.1640141166e-01,-0.0000000000e+00
0.0000000000e+00,2.5000000000e-01,4.4441195912e-01,6.3609231270e-02,-1.9552106813e+00
6.2500000000e-02,2.5000000000e-01,4.4043638216e-01,1.2983138645e-01,-1.9430733856e+00
1.2500000000e-01,2.5000000000e-01,4.2818303581e-01,2.6848169475e-01,-1.9013417781e+00
1.8750000000e-01,2.5000000000e-01,4.0687617032e-01,4.1708761888e-01,-1.8139326968e+00
2.5000000000e-01,2.5000000000e-01,3.7604708345e-01,5.5846079336e-01,-1.6575315454e+00
3.1250000000e-01,2.5000000000e-01,3.3706857115e-01,6.5192343162e-01,-1.4238775441e+00
3.7500000000e-01,2.5000000000e-01,2.9455665450e-01,6.7471694274e-01,-1.1780233673e+00
4.3750000000e-01,2.5000000000e-01,2.5272895331e-01,6.4355105120e-01,-9.5913019025e-01
5.0000000000e-01,2.5000000000e-01,2.1411277310e-01,5.8358927004e-01,-7.7790407324e-01
5.6250000000e-01,2.5000000000e-01,1.7978029455e-01,5.1366962492e-01,-6.3171653819e-01
6.2500000000e-01,2.5000000000e-01,1.4990406999e-01,4.4468513513e-01,-5.1415017875e-01
6.8750000000e-01,2.5000000000e-01,1.2419465266e-01,3.8190212020e-01,-4.1887469096e-01
7.5000000000e-01,2.5000000000e-01,1.0216630496e-01,3.2733022786e-01,-3.4071945478e-01
8.1250000000e-01,2.5000000000e-01,8.3278374177e-02,2.8130719364e-01,-2.7570785362e-01
8.7500000000e-01,2.5000000000e-01,6.7002905756e-02,2.4340811202e-01,-2.2081356321e-01
9.3750000000e-01,2.5000000000e-01,5.2852360175e-02,2.1292771380e-01,-1.7370234436e-01
1.0000000000e+00,2.5000000000e-01,4.0386941531e-02,1.8912278560e-01,-1.3252686673e-01
1.0625000000e+00,2.5000000000e-01,2.9212011974e-02,1.7132768810e-01,-9.5777345780e-02
1.1250000000e+00,2.5000000000e-01,1.8970980518e-02,1.5900547367e-01,-6.2174803498e-02
1.1875000000e+00,2.5000000000e-01,9.3363277660e-03,1.5176784414e-01,-3.0593232760e-02
1.2500000000e+00,2.5000000000e-01,0.0000000000e+00,1.4938124426e-01,-0.0000000000e+00
0.0000000000e+00,3.1250000000e-01,5.7058820367e-01,7.3133603132e-02,-2.0919535164e+00
6.2500000000e-02,3.1250000000e-01,5.6601735347e-01,1.5235637722e-01,-2.0885183147e+00
1.2500000000e-01,3.1250000000e-01,5.5154365651e-01,3.2807423125e-01,-2.0702650112e+00
1.8750000000e-01,3.1250000000e-01,5.2500807456e-01,5.4260911006e-01,-2.0081502668e+00
2.5000000000e-01,3.1250000000e-01,4.8371751776e-01,7.7744363789e-01,-1.8395216778e+00
3.1250000000e-01,3.1250000000e-01,4.2782761983e-01,9.2701208420e-01,-1.4849184959e+00
3.7500000000e-01,3.1250000000e-01,3.6784100723e-01,9.3407032099e-01,-1.1468341632e+00
4.3750000000e-01,3.1250000000e-01,3.1106882970e-01,8.5800864305e-01,-8.8309182493e-01
5.0000000000e-01,3.1250000000e-01,2.6058992685e-01,7.5227502796e-01,-6.8824704229e-01
5.6250000000e-01,3.1250000000e-01,2.1703445121e-01,6.4507899450e-01,-5.4425789087e-01
6.2500000000e-01,3.1250000000e-01,1.7995505254e-01,5.4800532134e-01,-4.3555066353e-01
6.8750000000e-01,3.1250000000e-01,1.4853378604e-01,4.6451192088e-01,-3.5119779106e-01
7.5000000000e-01,3.1250000000e-01,1.2189106243e-01,3.9463921756e-01,-2.8395175919e-01
8.1250000000e-01,3.1250000000e-01,9.9203883847e-02,3.3719816313e-01,-2.2901146057e-01
8.7500000000e-01,3.1250000000e-01,7.9741292036e-02,2.9070152502e-01,-1.8311423636e-01
9.3750000000e-01,3.1250000000e-01,6.2866193220e-02,2.5373332707e-01,-1.4395307473e-01
1.0000000000e+00,3.1250000000e-01,4.8024626152e-02,2.2508036945e-01,-1.0981825014e-01
1.0625000000e+00,3.1250000000e-01,3.4731147039e-02,2.0376727814e-01,-7.9377773355e-02
1.1250000000e+00,3.1250000000e-01,2.2553716384e-02,1.8905523772e-01,-5.1540121144e-02
1.1875000000e+00,3.1250000000e-01,1.1099242324e-02,1.8042973107e-01,-2.5364779031e-02
1.2500000000e+00,3.1250000000e-01,0.0000000000e+00,1.7758787718e-01,-0.0000000000e+00
0.0000000000e+00,3.7500000000e-01,7.0590614867e-01,7.0479634739e-02,-2.2355667547e+00
6.2500000000e-02,3.7500000000e-01,7.0150117150e-01,1.5151989162e-01,-2.2487813456e+00
1.2500000000e-01,3.7500000000e-01,6.8696616222e-01,3.4884974264e-01,-2.2830496851e+00
1.8750000000e-01,3.7500000000e-01,6.5789495367e-01,6.4783095229e-01,-2.3088816813e+00
2.5000000000e-01,3.7500000000e-01,6.0598729318e-01,1.0816925642e+00,-2.2074864031e+00
3.1250000000e-01,3.7500000000e-01,5.2268338314e-01,1.3446109463e+00,-1.5294405985e+00
3.7500000000e-01,3.7500000000e-01,4.3791092489e-01,1.2765436137e+00,-1.0413029643e+00
4.3750000000e-01,3.7500000000e-01,3.6311543142e-01,1.1021381721e+00,-7.3815590402e-01
5.0000000000e-01,3.7500000000e-01,3.0014365339e-01,9.2242320411e-01,-5.4773438006e-01
5.6250000000e-01,3.7500000000e-01,2.4781253091e-01,7.6636600368e-01,-4.2151731926e-01
6.2500000000e-01,3.7500000000e-01,2.0434790293e-01,6.3774523494e-01,-3.3259679336e-01
6.8750000000e-01,3.7500000000e-01,1.6809437654e-01,5.3350102453e-01,-2.6641405038e-01
7.5000000000e-01,3.7500000000e-01,1.3766027486e-01,4.4951655835e-01,-2.1487833035e-01
8.1250000000e-01,3.7500000000e-01,1.1190480675e-01,3.8214471648e-01,-1.7327199293e-01
8.7500000000e-01,3.7500000000e-01,8.9892185300e-02,3.2846649786e-01,-1.3867884691e-01
9.3750000000e-01,3.7500000000e-01,7.0846494516e-02,2.8622370002e-01,-1.0917746814e-01
1.0000000000e+00,3.7500000000e-01,5.4114222798e-02,2.5369808698e-01,-8.3415285817e-02
1.0625000000e+00,3.7500000000e-01,3.9134233644e-02,2.2960581709e-01,-6.0375376189e-02
1.1250000000e+00,3.7500000000e-01,2.5413495661e-02,2.1301846799e-01,-3.9243128717e-02
1.1875000000e+00,3.7500000000e-01,1.2506925145e-02,2.0330796529e-01,-1.9325762249e-02
1.2500000000e+00,3.7500000000e-01,0.0000000000e+00,2.0011080232e-01,-0.0000000000e+00
0.0000000000e+00,4.3750000000e-01,8.5003404800e-01,4.6704421328e-02,-2.3527508106e+00
6.2500000000e-02,4.3750000000e-01,8.4711502167e-01,1.0487344676e-01,-2.3879906280e+00
1.2500000000e-01,4.3750000000e-01,8.3692486715e-01,2.6797389547e-01,-2.5042707022e+00
1.8750000000e-01,4.3750000000e-01,8.1361828473e-01,6.1817239212e-01,-2.7368403706e+00
2.5000000000e-01,4.3750000000e-01,7.5965331814e-01,1.5568847207e+00,-3.1521016545e+00
3.1250000000e-01,4.3750000000e-01,6.1900769465e-01,2.0931955230e+00,-1.3840545311e+00
3.7500000000e-01,4.3750000000e-01,4.9800387777e-01,1.7253550155e+00,-7.5078119161e-01
4.3750000000e-01,4.3750000000e-01,4.0333831771e-01,1.3515772273e+00,-4.8049444686e-01
5.0000000000e-01,4.3750000000e-01,3.2905672436e-01,1.0689136127e+00,-3.4301725465e-01
5.6250000000e-01,4.3750000000e-01,2.6972411612e-01,8.6021658119e-01,-2.6148021269e-01
6.2500000000e-01,4.3750000000e-01,2.2152965171e-01,7.0310859022e-01,-2.0690514019e-01
6.8750000000e-01,4.3750000000e-01,1.8183554234e-01,5.8223038389e-01,-1.6698328674e-01
7.5000000000e-01,4.3750000000e-01,1.4875085372e-01,4.8778127500e-01,-1.3587551894e-01
8.1250000000e-01,4.3750000000e-01,1.2086288296e-01,4.1339764658e-01,-1.1051933390e-01
8.7500000000e-01,4.3750000000e-01,9.7076147900e-02,3.5479604981e-01,-8.9151690331e-02
9.3750000000e-01,4.3750000000e-01,7.6513376737e-02,3.0899688816e-01,-7.0662665102e-02
1.0000000000e+00,4.3750000000e-01,5.8451536879e-02,2.7388246140e-01,-5.4290048919e-02
1.0625000000e+00,4.3750000000e-01,4.2278069062e-02,2.4793943524e-01,-3.9465316877e-02
1.1250000000e+00,4.3750000000e-01,2.7459107474e-02,2.3010485166e-01,-2.5731255285e-02
1.1875000000e+00,4.3750000000e-01,1.3514962605e-02,2.1967285979e-01,-1.2695141253e-02
1.2500000000e+00,4.3750000000e-01,0.0000000000e+00,2.1623940168e-01,-0.0000000000e+00
0.0000000000e+00,5.0000000000e-01,1.0000000000e+00,-0.0000000000e+00,-2.1446662678e-01
6.2500000000e-02,5.0000000000e-01,1.0000000000e+00,-0.0000000000e+00,-2.1316766647e-01
1.2500000000e-01,5.0000000000e-01,1.0000000000e+00,-0.0000000000e+00,-2.0932155532e-01
1.8750000000e-01,5.0000000000e-01,1.0000000000e+00,-0.0000000000e+00,-2.0307721731e-01
2.5000000000e-01,5.0000000000e-01,1.0000000000e+00,2.4344784038e+00,-1.9467159771e-01
3.1250000000e-01,5.0000000000e-01,6.9569019952e-01,3.7459314092e+00,-1.8441305639e-01
3.7500000000e-01,5.0000000000e-01,5.3175857385e-01,2.1801036979e+00,-1.7265926258e-01
4.3750000000e-01,5.0000000000e-01,4.2317723728e-01,1.5099021090e+00,-1.5979160091e-01
5.0000000000e-01,5.0000000000e-01,3.4302081022e-01,1.1414374383e+00,-1.4618896283e-01
5.6250000000e-01,5.0000000000e-01,2.8049755750e-01,9.0247811815e-01,-1.3220401757e-01
6.2500000000e-01,5.0000000000e-01,2.3021104545e-01,7.3224216089e-01,-1.1814447551e-01
6.8750000000e-01,5.0000000000e-01,1.8896728738e-01,6.0453064578e-01,-1.0426072650e-01
7.5000000000e-01,5.0000000000e-01,1.5464471473e-01,5.0598051119e-01,-9.0739996855e-02
8.1250000000e-01,5.0000000000e-01,1.2571972349e-01,4.2886854509e-01,-7.7706187074e-02
8.7500000000e-01,5.0000000000e-01,1.0103614659e-01,3.6832316666e-01,-6.5223999859e-02
9.3750000000e-01,5.0000000000e-01,7.9679327654e-02,3.2108534143e-01,-5.3305829339e-02
1.0000000000e+00,5.0000000000e-01,6.0900478913e-02,2.8489543520e-01,-4.1920046988e-02
1.0625000000e+00,5.0000000000e-01,4.4067398253e-02,2.5816461073e-01,-3.0999642580e-02
1.1250000000e+00,5.0000000000e-01,2.8629902572e-02,2.3978864362e-01,-2.0450545853e-02
1.1875000000e+00,5.0000000000e-01,1.4093817801e-02,2.2903922057e-01,-1.0159296627e-02
1.2500000000e+00,5.0000000000e-01,0.0000000000e+00,2.2550108482e-01,-0.0000000000e+00
0.0000000000e+00,5.6250000000e-01,8.7684237635e-01,4.9302341948e-02,1.9212196364e+00
6.2500000000e-02,5.6250000000e-01,8.7376097997e-01,1.1001851822e-01,1.9591081441e+00
1.2500000000e-01,5.6250000000e-01,8.6309006157e-01,2.7806434462e-01,2.0832293648e+00
1.8750000000e-01,5.6250000000e-01,8.3900293690e-01,6.3282234974e-01,2.3285246550e+00
2.5000000000e-01,5.6250000000e-01,7.8398726785e-01,1.5755488816e+00,2.7609055374e+00
3.1250000000e-01,5.6250000000e-01,6.4205932669e-01,2.1152078581e+00,1.0137331658e+00
3.7500000000e-01,5.6250000000e-01,5.1958628559e-01,1.7499764710e+00,4.0434879876e-01
4.3750000000e-01,5.6250000000e-01,4.2331226782e-01,1.3780475270e+00,1.6017626872e-01
5.0000000000e-01,5.6250000000e-01,3.4733034471e-01,1.0965011961e+00,5.0257021797e-02
5.6250000000e-01,5.6250000000e-01,2.8624961831e-01,8.8826106852e-01,-3.0024192633e-03
6.2500000000e-01,5.6250000000e-01,2.3629771115e-01,7.3105188129e-01,-2.9208017763e-02
6.8750000000e-01,5.6250000000e-01,1.9486813315e-01,6.0963486254e-01,-4.1175146881e-02
7.5000000000e-01,5.6250000000e-01,1.6009335333e-01,5.1433581443e-01,-4.5117554869e-02
8.1250000000e-01,5.6250000000e-01,1.3057615635e-01,4.3891364357e-01,-4.4341417908e-02
8.7500000000e-01,5.6250000000e-01,1.0522914788e-01,3.7919640755e-01,-4.0732292906e-02
9.3750000000e-01,5.6250000000e-01,8.3176605405e-02,3.3230084104e-01,-3.5416605406e-02
1.0000000000e+00,5.6250000000e-01,6.3691542753e-02,2.9618864816e-01,-2.9084667336e-02
1.0625000000e+00,5.6250000000e-01,4.6153024385e-02,2.6940893638e-01,-2.2162660592e-02
1.1250000000e+00,5.6250000000e-01,3.0015425705e-02,2.5094519761e-01,-1.4911989077e-02
1.1875000000e+00,5.6250000000e-01,1.4784874683e-02,2.4012340564e-01,-7.4914994681e-03
1.2500000000e+00,5.6250000000e-01,0.0000000000e+00,2.3655799493e-01,-0.0000000000e+00
0.0000000000e+00,6.2500000000e-01,7.5984754544e-01,7.5777015406e-02,1.7961402791e+00
6.2500000000e-02,6.2500000000e-01,7.5511148198e-01,1.6200972838e-01,1.8121592546e+00
1.2500000000e-01,6.2500000000e-01,7.3959632939e-01,3.6941651088e-01,1.8547256458e+00
1.8750000000e-01,6.2500000000e-01,7.0893441812e-01,6.7767617256e-01,1.8940107086e+00
2.5000000000e-01,6.2500000000e-01,6.5488680782e-01,1.1196869145e+00,1.8106822105e+00
3.1250000000e-01,6.2500000000e-01,5.6897355380e-01,1.3893746706e+00,1.1546097599e+00
3.7500000000e-01,6.2500000000e-01,4.8121497400e-01,1.3265468009e+00,6.9153146141e-01
4.3750000000e-01,6.2500000000e-01,4.0315520369e-01,1.1558103320e+00,4.1565901902e-01
5.0000000000e-01,6.2500000000e-01,3.3673868249e-01,9.7825875029e-01,2.5387218450e-01
5.6250000000e-01,6.2500000000e-01,2.8087285990e-01,8.2301307859e-01,1.5686821739e-01
6.2500000000e-01,6.2500000000e-01,2.3386204767e-01,6.9406943327e-01,9.7074178335e-02
6.8750000000e-01,6.2500000000e-01,1.9411418074e-01,5.8862110867e-01,5.9408000650e-02
7.5000000000e-01,6.2500000000e-01,1.6028440909e-01,5.0281424016e-01,3.5405213913e-02
8.1250000000e-01,6.2500000000e-01,1.3126240072e-01,4.3325380705e-01,2.0118416708e-02
8.7500000000e-01,6.2500000000e-01,1.0612768320e-01,3.7724797916e-01,1.0530935893e-02
9.3750000000e-01,6.2500000000e-01,8.4106403330e-02,3.3273296700e-01,4.7307440159e-03
1.0000000000e+00,6.2500000000e-01,6.4536062330e-02,2.9814938002e-01,1.4637627487e-03
1.0625000000e+00,6.2500000000e-01,4.6837730827e-02,2.7233728899e-01,-1.1928801376e-04
1.1250000000e+00,6.2500000000e-01,3.0493901206e-02,2.5445980474e-01,-6.1413867618e-04
1.1875000000e+00,6.2500000000e-01,1.5030255235e-02,2.4395120965e-01,-4.5896289543e-04
1.2500000000e+00,6.2500000000e-01,0.0000000000e+00,2.4048408376e-01,-0.0000000000e+00
0.0000000000e+00,6.8750000000e-01,6.5232484147e-01,8.1340292970e-02,1.6390229704e+00
6.2500000000e-02,6.8750000000e-01,6.4724107315e-01,1.6860388492e-01,1.6386629492e+00
1.2500000000e-01,6.8750000000e-01,6.3124935585e-01,3.5991579866e-01,1.6295032543e+00
1.8750000000e-01,6.8750000000e-01,6.0225159832e-01,5.8877891452e-01,1.5821103224e+00
2.5000000000e-01,6.8750000000e-01,5.5765199154e-01,8.3614793297e-01,1.4332028363e+00
3.1250000000e-01,6.8750000000e-01,4.9773310670e-01,9.9605710897e-01,1.1024922020e+00
3.7500000000e-01,6.8750000000e-01,4.3314485291e-01,1.0110257301e+00,7.9150826823e-01
4.3750000000e-01,6.8750000000e-01,3.7135489044e-01,9.4038825013e-01,5.5705616137e-01
5.0000000000e-01,6.8750000000e-01,3.1559632165e-01,8.3771039444e-01,3.9270447954e-01
5.6250000000e-01,6.8750000000e-01,2.6664109114e-01,7.3146306235e-01,2.7952892618e-01
6.2500000000e-01,6.8750000000e-01,2.2416343885e-01,6.3359166455e-01,2.0122851306e-01
6.8750000000e-01,6.8750000000e-01,1.8744213307e-01,5.4796589812e-01,1.4632775681e-01
7.5000000000e-01,6.8750000000e-01,1.5566770159e-01,4.7504623049e-01,1.0721199316e-01
8.1250000000e-01,6.8750000000e-01,1.2806135426e-01,4.1403936555e-01,7.8878935006e-02
8.7500000000e-01,6.8750000000e-01,1.0391278090e-01,3.6380873486e-01,5.8006875924e-02
9.3750000000e-01,6.8750000000e-01,8.2585262403e-02,3.2323366789e-01,4.2344883134e-02
1.0000000000e+00,6.8750000000e-01,6.3508572409e-02,2.9133861613e-01,3.0328262416e-02
1.0625000000e+00,6.8750000000e-01,4.6167935386e-02,2.6733103495e-01,2.0835884631e-02
1.1250000000e+00,6.8750000000e-01,3.0092193040e-02,2.5060552273e-01,1.3033685470e-02
1.1875000000e+00,6.8750000000e-01,1.4842245045e-02,2.4073754432e-01,6.2697866332e-03
1.2500000000e+00,6.8750000000e-01,0.0000000000e+00,2.3747592072e-01,-0.0000000000e+00
0.0000000000e+00,7.5000000000e-01,5.5496967414e-01,7.5056973119e-02,1.4826257042e+00
6.2500000000e-02,7.5000000000e-01,5.5027861332e-01,1.5249001233e-01,1.4739663182e+00
1.2500000000e-01,7.5000000000e-01,5.3590842260e-01,3.1286388407e-01,1.4425140996e+00
1.8750000000e-01,7.5000000000e-01,5.1117062781e-01,4.8137575449e-01,1.3717244902e+00
2.5000000000e-01,7.5000000000e-01,4.7573645329e-01,6.4006879410e-01,1.2375266101e+00
3.1250000000e-01,7.5000000000e-01,4.3116202855e-01,7.4768010256e-01,1.0306479438e+00
3.7500000000e-01,7.5000000000e-01,3.8227644047e-01,7.8111076026e-01,8.1495324815e-01
4.3750000000e-01,7.5000000000e-01,3.3352318352e-01,7.5700654335e-01,6.2835287879e-01
5.0000000000e-01,7.5000000000e-01,2.8765062255e-01,7.0073151510e-01,4.8036064592e-01
5.6250000000e-01,7.5000000000e-01,2.4593174413e-01,6.3153711211e-01,3.6731449456e-01
6.2500000000e-01,7.5000000000e-01,2.0870848354e-01,5.6086826390e-01,2.8198319064e-01
6.8750000000e-01,7.5000000000e-01,1.7582321114e-01,4.9460458877e-01,2.1746252037e-01
7.5000000000e-01,7.5000000000e-01,1.4688290994e-01,4.3536541836e-01,1.6823606724e-01
8.1250000000e-01,7.5000000000e-01,1.2140253385e-01,3.8404868981e-01,1.3017845423e-01
8.7500000000e-01,7.5000000000e-01,9.8876823714e-02,3.4071392729e-01,1.0027274970e-01
9.3750000000e-01,7.5000000000e-01,7.8813292938e-02,3.0505435349e-01,7.6313650363e-02
1.0000000000e+00,7.5000000000e-01,6.0745029528e-02,2.7664038152e-01,5.6668519280e-02
1.0625000000e+00,7.5000000000e-01,4.4233245248e-02,2.5504271204e-01,4.0100878804e-02
1.1250000000e+00,7.5000000000e-01,2.8864690523e-02,2.3989370674e-01,2.5643209402e-02
1.1875000000e+00,7.5000000000e-01,1.4246531906e-02,2.3091752418e-01,1.2504423909e-02
1.2500000000e+00,7.5000000000e-01,0.0000000000e+00,2.2794451049e-01,-0.0000000000e+00
0.0000000000e+00,8.1250000000e-01,4.6699662844e-01,6.4021520986e-02,1.3435472104e+00
6.2500000000e-02,8.1250000000e-01,4.6299528338e-01,1.2849228027e-01,1.3320625196e+00
1.2500000000e-01,8.1250000000e-01,4.5093509341e-01,2.5767397069e-01,1.2948623360e+00
1.8750000000e-01,8.1250000000e-01,4.3078603704e-01,3.8379142503e-01,1.2247469289e+00
2.5000000000e-01,8.1250000000e-01,4.0296116528e-01,4.9507138656e-01,1.1145311699e+00
3.1250000000e-01,8.1250000000e-01,3.6890211372e-01,5.7348374705e-01,9.6761971517e-01
3.7500000000e-01,8.1250000000e-01,3.3127569690e-01,6.0873066502e-01,8.0930390114e-01
4.3750000000e-01,8.1250000000e-01,2.9281078059e-01,6.0579564791e-01,6.6104145972e-01
5.0000000000e-01,8.1250000000e-01,2.5555124091e-01,5.7667201021e-01,5.3307073070e-01
5.6250000000e-01,8.1250000000e-01,2.2072677932e-01,5.3308560707e-01,4.2738521536e-01
6.2500000000e-01,8.1250000000e-01,1.8891554002e-01,4.8373969035e-01,3.4192723468e-01
6.8750000000e-01,8.1250000000e-01,1.6025931802e-01,4.3421877472e-01,2.7330306708e-01
7.5000000000e-01,8.1250000000e-01,1.3463819318e-01,3.8776216435e-01,2.1809130119e-01
8.1250000000e-01,8.1250000000e-01,1.1178904748e-01,3.4607604801e-01,1.7332606483e-01
8.7500000000e-01,8.1250000000e-01,9.1378687183e-02,3.0994393099e-01,1.3659201826e-01
9.3750000000e-01,8.1250000000e-01,7.3046056107e-02,2.7962943748e-01,1.0596844882e-01
1.0000000000e+00,8.1250000000e-01,5.6425007499e-02,2.5512584457e-01,7.9931285619e-02
1.0625000000e+00,8.1250000000e-01,4.1155325536e-02,2.3630572507e-01,5.7255901754e-02
1.1250000000e+00,8.1250000000e-01,2.6886791865e-02,2.2300906783e-01,3.6933849548e-02
1.1875000000e+00,8.1250000000e-01,1.3279192057e-02,2.1509433492e-01,1.8104699754e-02
1.2500000000e+00,8.1250000000e-01,0.0000000000e+00,2.1246707291e-01,-0.0000000000e+00
0.0000000000e+00,8.7500000000e-01,3.8702627284e-01,5.2087591466e-02,1.2274380982e+00
6.2500000000e-02,8.7500000000e-01,3.8377079838e-01,1.0380513791e-01,1.2158742136e+00
1.2500000000e-01,8.7500000000e-01,3.7405063061e-01,2.0554829335e-01,1.1801257961e+00
1.8750000000e-01,8.7500000000e-01,3.5807726171e-01,3.0104458840e-01,1.1178697193e+00
2.5000000000e-01,8.7500000000e-01,3.3642005706e-01,3.8294158042e-01,1.0282314252e+00
3.1250000000e-01,8.7500000000e-01,3.1020956416e-01,4.4245283382e-01,9.1599584566e-01
3.7500000000e-01,8.7500000000e-01,2.8111345283e-01,4.7453250480e-01,7.9360118165e-01
4.3750000000e-01,8.7500000000e-01,2.5089300105e-01,4.8077337290e-01,6.7343832809e-01
5.0000000000e-01,8.7500000000e-01,2.2101678121e-01,4.6707527075e-01,5.6349560178e-01
5.6250000000e-01,8.7500000000e-01,1.9250859221e-01,4.4039361610e-01,4.6722840166e-01
6.2500000000e-01,8.7500000000e-01,1.6596757920e-01,4.0678611563e-01,3.8503746566e-01
6.8750000000e-01,8.7500000000e-01,1.4166032776e-01,3.7076865529e-01,3.1573121230e-01
7.5000000000e-01,8.7500000000e-01,1.1962149729e-01,3.3538841611e-01,2.5750000539e-01
8.1250000000e-01,8.7500000000e-01,9.9736775745e-02,3.0254940688e-01,2.0844248564e-01
8.7500000000e-01,8.7500000000e-01,8.1802821432e-02,2.7335631127e-01,1.6680080985e-01
9.3750000000e-01,8.7500000000e-01,6.5567236836e-02,2.4839362085e-01,1.3103684102e-01
1.0000000000e+00,8.7500000000e-01,5.0753618825e-02,2.2792783445e-01,9.9832272457e-02
1.0625000000e+00,8.7500000000e-01,3.7076257529e-02,2.1204527597e-01,7.2057593192e-02
1.1250000000e+00,8.7500000000e-01,2.4247959329e-02,2.0074250474e-01,4.6731587166e-02
1.1875000000e+00,8.7500000000e-01,1.1983444437e-02,1.9398367463e-01,2.2980525568e-02
1.2500000000e+00,8.7500000000e-01,0.0000000000e+00,1.9173511098e-01,-0.0000000000e+00
0.0000000000e+00,9.3750000000e-01,3.1356686616e-01,4.0893751760e-02,1.1344567551e+00
6.2500000000e-02,9.3750000000e-01,3.1101100668e-01,8.1179978118e-02,1.1238704405e+00
1.2500000000e-01,9.3750000000e-01,3.0341936890e-01,1.5966947642e-01,1.0918969154e+00
1.8750000000e-01,9.3750000000e-01,2.9105232213e-01,2.3189705422e-01,1.0383747271e+00
2.5000000000e-01,9.3750000000e-01,2.7443223712e-01,2.9319751290e-01,9.6452896613e-01
3.1250000000e-01,9.3750000000e-01,2.5440263301e-01,3.3885350345e-01,8.7453106060e-01
3.7500000000e-01,9.3750000000e-01,2.3207554919e-01,3.6617314745e-01,7.7566665194e-01
4.3750000000e-01,9.3750000000e-01,2.0863098958e-01,3.7569006804e-01,6.7561506928e-01
5.0000000000e-01,9.3750000000e-01,1.8511429068e-01,3.7046208378e-01,5.8024494729e-01
5.6250000000e-01,9.3750000000e-01,1.6232322911e-01,3.5462747094e-01,4.9299532385e-01
6.2500000000e-01,9.3750000000e-01,1.4078585682e-01,3.3224250099e-01,4.1526301413e-01
6.8750000000e-01,9.3750000000e-01,1.2079291649e-01,3.0668131445e-01,3.4708431116e-01
7.5000000000e-01,9.3750000000e-01,1.0245069251e-01,2.8047343769e-01,2.8773502241e-01
8.1250000000e-01,9.3750000000e-01,8.5733736776e-02,2.5537685247e-01,2.3614306269e-01
8.7500000000e-01,9.3750000000e-01,7.0528585952e-02,2.3253828637e-01,1.9113189449e-01
9.3750000000e-01,9.3750000000e-01,5.6666450979e-02,2.1266090008e-01,1.5154583350e-01
1.0000000000e+00,9.3750000000e-01,4.3945973442e-02,1.9614659674e-01,1.1630336999e-01
1.0625000000e+00,9.3750000000e-01,3.2148126387e-02,1.8320503978e-01,8.4410611247e-02
1.1250000000e+00,9.3750000000e-01,2.1045343469e-02,1.7393200021e-01,5.4954380415e-02
1.1875000000e+00,9.3750000000e-01,1.0406626361e-02,1.6836274775e-01,2.7085815384e-02
1.2500000000e+00,9.3750000000e-01,0.0000000000e+00,1.6650602177e-01,-0.0000000000e+00
0.0000000000e+00,1.0000000000e+00,2.4521917846e-01,3.0914962351e-02,1.0626480414e+00
6.2500000000e-02,1.0000000000e+00,2.4328699331e-01,6.1245298217e-02,1.0532538780e+00
1.2500000000e-01,1.0000000000e+00,2.3756351618e-01,1.2005257988e-01,1.0252166977e+00
1.8750000000e-01,1.0000000000e+00,2.2828042082e-01,1.7367663911e-01,9.7920330758e-01
2.5000000000e-01,1.0000000000e+00,2.1585393629e-01,2.1909791394e-01,9.1697865193e-01
3.1250000000e-01,1.0000000000e+00,2.0089318158e-01,2.5359051963e-01,8.4193277867e-01
3.7500000000e-01,1.0000000000e+00,1.8415512134e-01,2.7561651348e-01,7.5891929633e-01
4.3750000000e-01,1.0000000000e+00,1.6644111739e-01,2.8535166825e-01,6.7311034981e-01
5.0000000000e-01,1.0000000000e+00,1.4848616280e-01,2.8445552531e-01,5.8887379435e-01
5.6250000000e-01,1.0000000000e+00,1.3088417673e-01,2.7541168294e-01,5.0924493210e-01
6.2500000000e-01,1.0000000000e+00,1.1405970244e-01,2.6087510294e-01,4.3593495585e-01
6.8750000000e-01,1.0000000000e+00,9.8274788863e-02,2.4324066358e-01,3.6960799561e-01
7.5000000000e-01,1.0000000000e+00,8.3654619490e-02,2.2444716763e-01,3.1021271068e-01
8.1250000000e-01,1.0000000000e+00,7.0218892909e-02,2.0594627896e-01,2.5726284806e-01
8.7500000000e-01,1.0000000000e+00,5.7911334620e-02,1.8875908209e-01,2.1003787198e-01
9.3750000000e-01,1.0000000000e+00,4.6624007648e-02,1.7356509635e-01,1.6771122849e-01
1.0000000000e+00,1.0000000000e+00,3.6215697576e-02,1.6079261220e-01,1.2942476289e-01
1.0625000000e+00,1.0000000000e+00,2.6524931123e-02,1.5069628639e-01,9.4327101066e-02
1.1250000000e+00,1.0000000000e+00,1.7378661777e-02,1.4341770888e-01,6.1589507761e-02
1.1875000000e+00,1.0000000000e+00,8.5977175135e-03,1.3902929422e-01,3.0408355577e-02
1.2500000000e+00,1.0000000000e+00,0.0000000000e+00,1.3756348022e-01,-0.0000000000e+00
0.0000000000e+00,1.0625000000e+00,1.8073586099e-01,2.2105425012e-02,1.0096276545e+00
6.2500000000e-02,1.0625000000e+00,1.7935427193e-01,4.3748634480e-02,1.0012803326e+00
1.2500000000e-01,1.0625000000e+00,1.7526728168e-01,8.5618905997e-02,9.7651268978e-01
1.8750000000e-01,1.0625000000e+00,1.6865190868e-01,1.2365900842e-01,9.3624315393e-01
2.5000000000e-01,1.0625000000e+00,1.5980990563e-01,1.5592698399e-01,8.8224955531e-01
3.1250000000e-01,1.0625000000e+00,1.4916103568e-01,1.8079414785e-01,8.1730210598e-01
3.7500000000e-01,1.0625000000e+00,1.3721063715e-01,1.9735071859e-01,7.4496740489e-01
4.3750000000e-01,1.0625000000e+00,1.2449219586e-01,2.0564456606e-01,6.6903323945e-01
5.0000000000e-01,1.0625000000e+00,1.1150506639e-01,2.0659666606e-01,5.9289494801e-01
5.6250000000e-01,1.0625000000e+00,9.8667612599e-02,2.0168863244e-01,5.1917565458e-01
6.2500000000e-01,1.0625000000e+00,8.6293987336e-02,1.9260556451e-01,4.4962388143e-01
6.8750000000e-01,1.0625000000e+00,7.4591917035e-02,1.8095906928e-01,3.8520000480e-01
7.5000000000e-01,1.0625000000e+00,6.3674103676e-02,1.6812829013e-01,3.2624497613e-01
8.1250000000e-01,1.0625000000e+00,5.3575880769e-02,1.5520201378e-01,2.7265774699e-01
8.7500000000e-01,1.0625000000e+00,4.4273851954e-02,1.4298666680e-01,2.2404551680e-01
9.3750000000e-01,1.0625000000e+00,3.5702547418e-02,1.3204779098e-01,1.7983644565e-01
1.0000000000e+00,1.0625000000e+00,2.7767878081e-02,1.2276246932e-01,1.3935735200e-01
1.0625000000e+00,1.0625000000e+00,2.0357238753e-02,1.1536978466e-01,1.0188352248e-01
1.1250000000e+00,1.0625000000e+00,1.3346654999e-02,1.1001325472e-01,6.6668193796e-02
1.1875000000e+00,1.0625000000e+00,6.6055819134e-03,1.0677323999e-01,3.2958098978e-02
1.2500000000e+00,1.0625000000e+00,0.0000000000e+00,1.0568931061e-01,-0.0000000000e+00
0.0000000000e+00,1.1250000000e+00,1.1901572165e-01,1.4220318552e-02,9.7330191098e-01
6.2500000000e-02,1.1250000000e+00,1.1812695174e-01,2.8130333525e-02,9.6572710811e-01
1.2500000000e-01,1.1250000000e+00,1.1549942996e-01,5.5015401239e-02,9.4331057506e-01
1.8750000000e-01,1.1250000000e+00,1.1125002658e-01,7.9413504642e-02,9.0700706280e-01
2.5000000000e-01,1.1250000000e+00,1.0557274188e-01,1.0015686600e-01,8.5847430953e-01
3.1250000000e-01,1.1250000000e+00,9.8730418332e-02,1.1630836922e-01,8.0005868504e-01
3.7500000000e-01,1.1250000000e+00,9.1034195723e-02,1.2734764695e-01,7.3461497768e-01
4.3750000000e-01,1.1250000000e+00,8.2811962463e-02,1.3327921136e-01,6.6516025512e-01
5.0000000000e-01,1.1250000000e+00,7.4374294303e-02,1.3459794044e-01,5.9449710365e-01
5.6250000000e-01,1.1250000000e+00,6.5987219908e-02,1.3214061636e-01,5.2493885702e-01
6.2500000000e-01,1.1250000000e+00,5.7856717258e-02,1.2689945316e-01,4.5818491066e-01
6.8750000000e-01,1.1250000000e+00,5.0124788263e-02,1.1986175828e-01,3.9532316591e-01
7.5000000000e-01,1.1250000000e+00,4.2873997473e-02,1.1190490982e-01,3.3690944205e-01
8.1250000000e-01,1.1250000000e+00,3.6136674536e-02,1.0374681963e-01,2.8307764695e-01
8.7500000000e-01,1.1250000000e+00,2.9905645020e-02,9.5937780749e-02,2.3365000228e-01
9.3750000000e-01,1.1250000000e+00,2.4144451942e-02,8.8876931545e-02,1.8823168532e-01
1.0000000000e+00,1.1250000000e+00,1.8796028577e-02,8.2839689030e-02,1.4628467724e-01
1.0625000000e+00,1.1250000000e+00,1.3789490813e-02,7.8007128192e-02,1.0718144303e-01
1.1250000000e+00,1.1250000000e+00,9.0451375526e-03,7.4492285376e-02,7.0241645939e-02
1.1875000000e+00,1.1250000000e+00,4.4779551412e-03,7.2361100421e-02,3.4755846512e-02
1.2500000000e+00,1.1250000000e+00,0.0000000000e+00,7.1647282259e-02,-0.0000000000e+00
0.0000000000e+00,1.1875000000e+00,5.9073122119e-02,6.9558192617e-03,9.5212577317e-01
6.2500000000e-02,1.1875000000e+00,5.8638383415e-02,1.3757298554e-02,9.4501561389e-01
1.2500000000e-01,1.1875000000e+00,5.7353459800e-02,2.6898860691e-02,9.2399543964e-01
1.8750000000e-01,1.1875000000e+00,5.5276025829e-02,3.8822742891e-02,8.9000021265e-01
2.5000000000e-01,1.1875000000e+00,5.2500616939e-02,4.8978606232e-02,8.4458193500e-01
3.1250000000e-01,1.1875000000e+00,4.9153700050e-02,5.6934815997e-02,7.8984334666e-01
3.7500000000e-01,1.1875000000e+00,4.5383764939e-02,6.2452288666e-02,7.2827356579e-01
4.3750000000e-01,1.1875000000e+00,4.1347163967e-02,6.5526692029e-02,6.6249569971e-01
5.0000000000e-01,1.1875000000e+00,3.7192928435e-02,6.6375267962e-02,5.9499435442e-01
5.6250000000e-01,1.1875000000e+00,3.3050255472e-02,6.5376439446e-02,5.2789775926e-01
6.2500000000e-01,1.1875000000e+00,2.9020873505e-02,6.2989873399e-02,4.6285373807e-01
6.8750000000e-01,1.1875000000e+00,2.5176521297e-02,5.9683600684e-02,4.0099830610e-01
7.5000000000e-01,1.1875000000e+00,2.1560423419e-02,5.5882771179e-02,3.4299197979e-01
8.1250000000e-01,1.1875000000e+00,1.8191174899e-02,5.1942574008e-02,2.8909339628e-01
8.7500000000e-01,1.1875000000e+00,1.5067601668e-02,4.8140705168e-02,2.3924516016e-01
9.3750000000e-01,1.1875000000e+00,1.2173586753e-02,4.4682465936e-02,1.9315561554e-01
1.0000000000e+00,1.1875000000e+00,9.4822934260e-03,4.1712227032e-02,1.5036822861e-01
1.0625000000e+00,1.1875000000e+00,6.9595583742e-03,3.9326753356e-02,1.1031592651e-01
1.1250000000e+00,1.1875000000e+00,4.5664492566e-03,3.7587658198e-02,7.2361100421e-02
1.1875000000e+00,1.1875000000e+00,2.2611010994e-03,3.6531594052e-02,3.5823641130e-02
1.2500000000e+00,1.1875000000e+00,0.0000000000e+00,3.6177617591e-02,-0.0000000000e+00
0.0000000000e+00,1.2500000000e+00,0.0000000000e+00,-0.0000000000e+00,9.4516995391e-01
6.2500000000e-02,1.2500000000e+00,0.0000000000e+00,-0.0000000000e+00,9.3821413465e-01
1.2500000000e-01,1.2500000000e+00,0.0000000000e+00,-0.0000000000e+00,9.1765535680e-01
1.8750000000e-01,1.2500000000e+00,0.0000000000e+00,-0.0000000000e+00,8.8441641326e-01
2.5000000000e-01,1.2500000000e+00,0.0000000000e+00,-0.0000000000e+00,8.4000987102e-01
3.1250000000e-01,1.2500000000e+00,0.0000000000e+00,-0.0000000000e+00,7.8645920080e-01
3.7500000000e-01,1.2500000000e+00,0.0000000000e+00,-0.0000000000e+00,7.2614023902e-01
4.3750000000e-01,1.2500000000e+00,0.0000000000e+00,-0.0000000000e+00,6.6155462347e-01
5.0000000000e-01,1.2500000000e+00,0.0000000000e+00,-0.0000000000e+00,5.9508685497e-01
5.6250000000e-01,1.2500000000e+00,0.0000000000e+00,-0.0000000000e+00,5.2880408754e-01
6.2500000000e-01,1.2500000000e+00,0.0000000000e+00,-0.0000000000e+00,4.6433397607e-01
6.8750000000e-01,1.2500000000e+00,0.0000000000e+00,-0.0000000000e+00,4.0282434075e-01
7.5000000000e-01,1.2500000000e+00,0.0000000000e+00,-0.0000000000e+00,3.4496677470e-01
8.1250000000e-01,1.2500000000e+00,0.0000000000e+00,-0.0000000000e+00,2.9105879839e-01
8.7500000000e-01,1.2500000000e+00,0.0000000000e+00,-0.0000000000e+00,2.4108162669e-01
9.3750000000e-01,1.2500000000e+00,0.0000000000e+00,-0.0000000000e+00,1.9477738805e-01
1.0000000000e+00,1.2500000000e+00,0.0000000000e+00,-0.0000000000e+00,1.5171669482e-01
1.0625000000e+00,1.2500000000e+00,0.0000000000e+00,-0.0000000000e+00,1.1135293399e-01
1.1250000000e+00,1.2500000000e+00,0.0000000000e+00,-0.0000000000e+00,7.3063188105e-02
1.1875000000e+00,1.2500000000e+00,0.0000000000e+00,-0.0000000000e+00,3.6177617591e-02
1.2500000000e+00,1.2500000000e+00,0.0000000000e+00,-0.0000000000e+00,-0.0000000000e+00
