2,0,0,0,0,0,0,0,0,0,0
3.26771,0.0488281,0,0,0,0,0,0,0,0,0
3.9533,0.17505,0.00119209,0,0,0,0,0,0,0,0
4.19246,0.38927,0.00659967,2.91038e-05,0,0,0,0,0,0,0
4.10506,0.686999,0.0211894,0.000217911,7.10543e-07,0,0,0,0,0,0
3.79416,1.05192,0.0515222,0.000913414,6.70649e-06,1.73472e-08,0,0,0,0,0
3.34561,1.45937,0.105043,0.00282235,3.46755e-05,1.9758e-07,4.23516e-10,0,0,0,0
2.82822,1.8798,0.189133,0.00715885,0.000129861,1.21475e-06,5.65009e-09,1.03398e-11,0,0,0
2.29439,2.28211,0.310057,0.0157665,0.000393512,5.34318e-06,4.02579e-08,1.58116e-10,2.52435e-13,0,0
1.78136,2.63658,0.471941,0.0311836,0.001023,1.88189e-05,2.03353e-07,1.28104e-09,4.3528e-12,6.16298e-15,0
1.31276,2.91732,0.675912,0.0566251,0.00236432,5.63564e-05,8.15996e-07,7.30618e-09,3.95161e-11,1.18295e-13,3.00927e-16
0.900602,3.10416,0.919486,0.0958611,0.00497402,0.000148885,2.76486e-06,3.28973e-08,2.51126e-10,1.18941e-12,6.31625e-15
0.547411,3.18387,1.19629,0.152986,0.00968483,0.000355647,8.21441e-06,1.2439e-07,1.25366e-09,8.33361e-12,6.91598e-14
0.248529,3.15069,1.49615,0.232084,0.0176665,0.00078169,2.19487e-05,4.10386e-07,5.23204e-09,4.56795e-11,5.25722e-13
-0.00563486,3.00626,1.80554,0.336808,0.0304707,0.00160141,5.37055e-05,1.21233e-06,1.89753e-08,2.08543e-10,3.11572e-12
-0.227454,2.75898,2.10838,0.469911,0.050049,0.00308816,0.000121966,3.26671e-06,6.13949e-08,8.24564e-10,1.53317e-11
-0.430166,2.42291,2.38711,0.632764,0.0787314,0.005649,0.000259746,8.14077e-06,1.8059e-07,2.8996e-09,6.51522e-11
-0.626255,2.01631,2.62388,0.824923,0.119156,0.0098625,0.000522957,1.89632e-05,4.89788e-07,9.24358e-09,2.45589e-10
-0.826181,1.56002,2.8019,1.04377,0.174142,0.0165163,0.00100188,4.16392e-05,1.23827e-06,2.70999e-08,8.37187e-10
-1.03751,1.0758,2.90668,1.28431,0.246512,0.0266396,0.00183613,8.67722e-05,2.94352e-06,7.38846e-08,2.61871e-09
-1.2644,0.584684,2.92715,1.53912,0.33885,0.0415253,0.00323322,0.000172567,6.62532e-06,1.88989e-07,7.60165e-09
-1.50753,0.105613,2.85654,1.79852,0.453233,0.0627351,0.00549046,0.000329034,1.42013e-05,4.56802e-07,2.06628e-08
-1.76426,-0.34568,2.69294,2.0509,0.590926,0.0920809,0.00901925,0.000603826,2.91281e-05,1.04953e-06,5.2979e-08
-2.02914,-0.757422,2.43948,2.28331,0.752085,0.131578,0.0143705,0.00107004,5.74001e-05,2.30343e-06,1.28905e-07
-2.29458,-1.12216,2.10416,2.48215,0.935477,0.183362,0.0222585,0.00183625,0.00010905,4.84938e-06,2.99146e-07
-2.55163,-1.43676,1.6993,2.63401,1.13827,0.249576,0.0335811,0.00305888,0.000200323,9.82819e-06,6.64966e-07
-2.79083,-1.70201,1.24069,2.72652,1.35588,0.332212,0.0494318,0.0049569,0.000356735,1.9234e-05,1.42105e-06
-3.00302,-1.922,0.746519,2.7493,1.58196,0.432937,0.0711006,0.00782842,0.000617216,3.64448e-05,2.92877e-06
-3.18003,-2.10323,0.236093,2.69468,1.80849,0.55288,0.100058,0.0120686,0.00103957,6.70163e-05,5.83743e-06
-3.31527,-2.25364,-0.271421,2.5584,2.026,0.692423,0.137923,0.0181877,0.00170745,0.000119838,1.12789e-05
-3.4041,-2.38158,-0.758242,2.34004,2.22395,0.850986,0.186403,0.0268277,0.00273892,0.00020877,2.11708e-05
-3.44404,-2.49484,-1.20905,2.0432,2.39122,1.02684,0.247211,0.0387755,0.00429672,0.000354892,3.86773e-05
-3.43479,-2.59989,-1.61185,1.67546,2.51668,1.21698,0.321965,0.0549703,0.00660005,0.000589531,6.88885e-05
-3.37803,-2.7012,-1.95852,1.248,2.58987,1.41699,0.412051,0.0765026,0.00993755,0.0009582,0.000119801
-3.27715,-2.8009,-2.24504,0.775011,2.60166,1.6211,0.51848,0.104602,0.014681,0.00152562,0.000203696
-3.13686,-2.89866,-2.47139,0.272889,2.54492,1.82224,0.641724,0.14061,0.0212985,0.00238195,0.00033903
-2.96266,-2.9918,-2.64118,-0.240762,2.41507,2.01219,0.781555,0.18594,0.0303671,0.00365022,0.000552969
-2.7604,-3.07567,-2.76092,-0.748177,2.21054,2.18194,0.936889,0.242013,0.0425817,0.00549516,0.000884714
-2.53584,-3.14416,-2.83921,-1.2325,1.93308,2.32199,1.10566,0.310182,0.0587597,0.00813296,0.00138974
-2.29424,-3.19036,-2.88571,-1.67876,1.58783,2.42285,1.2847,0.391633,0.0798399,0.0118421,0.00214512
-2.04008,-3.20723,-2.91019,-2.07474,1.18321,2.47553,1.46972,0.487275,0.106872,0.0169747,0.00325596
-1.77692,-3.18836,-2.92153,-2.41157,0.730607,2.47211,1.65532,0.597616,0.140997,0.023967,0.00486308
-1.50726,-3.12852,-2.92692,-2.68415,0.243806,2.40623,1.83503,0.722632,0.183412,0.0333502,0.00715191
-1.23269,-3.02417,-2.93131,-2.89116,-0.261684,2.27361,2.00153,0.861641,0.235329,0.0457573,0.0103623
-0.95397,-2.87382,-2.93699,-3.03496,-0.769474,2.07245,2.14684,1.01319,0.297908,0.0619286,0.0147994
-0.671295,-2.67814,-2.94352,-3.12106,-1.26319,1.80373,2.26267,1.17495,0.372188,0.0827104,0.0208444
-0.384558,-2.43994,-2.94791,-3.15747,-1.72739,1.47133,2.34073,1.34367,0.459,0.109049,0.0289656
-0.0936403,-2.16397,-2.945,-3.15384,-2.14841,1.08206,2.37322,1.51513,0.558867,0.141976,0.0397283
0.20131,-1.85652,-2.92813,-3.12057,-2.51511,0.645453,2.35324,1.6842,0.671902,0.182585,0.0538018
0.499642,-1.52499,-2.8898,-3.06782,-2.81942,0.173374,2.27523,1.84488,0.797705,0.231997,0.0719647
0.800033,-1.17735,-2.82249,-3.00466,-3.05674,-0.320457,2.1354,1.99051,0.935263,0.291312,0.0951036
1.10039,-0.821598,-2.71946,-2.93832,-3.22598,-0.821134,1.93208,2.11391,1.08286,0.361558,0.124208
1.39783,-0.465259,-2.57544,-2.87367,-3.32948,-1.31331,1.66598,2.2077,1.23802,0.44362,0.160353
1.68878,-0.114952,-2.38719,-2.81286,-3.37264,-1.78196,1.34037,2.26459,1.39746,0.538161,0.204683
1.96908,0.223916,-2.15385,-2.75532,-3.36329,-2.21323,0.96109,2.27775,1.55709,0.645539,0.258369
2.23422,0.54734,-1.87715,-2.69794,-3.31102,-2.59507,0.53646,2.24116,1.71207,0.76572,0.322571
2.47957,0.852756,-1.56129,-2.6355,-3.2263,-2.91794,0.0769948,2.15004,1.85685,0.898185,0.39838
2.70061,1.13895,-1.21272,-2.56125,-3.11964,-3.17522,-0.404977,2.00116,1.98539,1.04185,0.486749
2.89325,1.40586,-0.839664,-2.4677,-3.00069,-3.36351,-0.895838,1.79314,2.09127,1.19501,0.588414
3.05396,1.65426,-0.45153,-2.34743,-2.8776,-3.4827,-1.3813,1.52675,2.168,1.35523,0.703813
3.18003,1.88542,-0.058272,-2.19381,-2.75633,-3.53581,-1.84706,1.20502,2.20923,1.51939,0.832988
3.2696,2.10074,0.330302,-2.00179,-2.64036,-3.52866,-2.27954,0.833296,2.2091,1.68364,0.975496
3.3218,2.30137,0.705165,-1.76842,-2.53048,-3.46932,-2.66652,0.419161,2.16255,1.84342,1.13031
3.33666,2.48794,1.05861,-1.49327,-2.42493,-3.36747,-2.99777,-0.0277436,2.06565,1.99359,1.29576
3.31507,2.66033,1.38464,-1.17856,-2.31963,-3.23358,-3.26553,-0.496051,1.91588,2.12848,1.46943
3.25862,2.81757,1.67924,-0.829129,-2.20879,-3.07815,-3.46489,-0.973087,1.71241,2.24209,1.64815
3.16948,2.95778,1.9404,-0.452144,-2.0855,-2.91095,-3.59398,-1.44539,1.45632,2.32827,1.82794
3.05017,3.07832,2.16798,-0.0566237,-1.94248,-2.74026,-3.65394,-1.89932,1.15067,2.38094,2.00407
2.9034,3.17595,2.36347,0.347167,-1.77289,-2.57241,-3.64875,-2.32161,0.800588,2.39438,2.17108
2.73188,3.24709,2.52958,0.748424,-1.57107,-2.41131,-3.58489,-2.70008,0.413196,2.36345,2.3229
2.53822,3.28814,2.66971,1.13654,-1.33313,-2.25836,-3.47077,-3.02415,-0.00258973,2.28392,2.45298
2.32477,3.29577,2.78752,1.50179,-1.05748,-2.11241,-3.31615,-3.28535,-0.436321,2.1527,2.55447
2.09363,3.2673,2.88634,1.83595,-0.745111,-1.9701,-3.13139,-3.47774,-0.8764,1.96807,2.6205
1.84661,3.20086,2.96882,2.13274,-0.399631,-1.82623,-2.92673,-3.59817,-1.31054,1.72993,2.64434
1.58526,3.0957,3.03655,2.38811,-0.0271552,-1.6744,-2.71159,-3.64636,-1.72631,1.43988,2.61982
1.31098,2.95222,3.0899,2.60035,0.364072,-1.50767,-2.49396,-3.62485,-2.11165,1.10134,2.54151
1.02513,2.77203,3.12793,2.76995,0.764198,-1.31933,-2.27986,-3.53879,-2.45549,0.719521,2.40512
0.72911,2.55789,3.14853,2.89931,1.16243,-1.10357,-2.07304,-3.39554,-2.74826,0.301336,2.20773
0.424502,2.31351,3.14863,2.99236,1.54774,-0.856163,-1.87484,-3.2042,-2.98239,-0.144759,1.9481
0.113174,2.0434,3.12453,3.05395,1.90963,-0.574932,-1.68423,-2.975,-3.15265,-0.609037,1.62685
-0.202649,1.75257,3.0723,3.08933,2.23879,-0.260125,-1.49804,-2.71861,-3.25647,-1.08083,1.24662
-0.520342,1.44621,2.98828,3.10353,2.52772,0.0854673,-1.31144,-2.44556,-3.29405,-1.54891,0.812151
-0.836879,1.1295,2.86942,3.10085,2.77108,0.456581,-1.11841,-2.16554,-3.26831,-2.00196,0.330285
-1.14887,0.807256,2.71373,3.08448,2.96598,0.845749,-0.912504,-1.88687,-3.18472,-2.42898,-0.190169
-1.45265,0.4838,2.52054,3.05616,3.11201,1.24375,-0.687457,-1.6161,-3.051,-2.8198,-0.738619
-1.74437,0.162792,2.29071,3.01612,3.21107,1.64022,-0.437932,-1.35769,-2.8766,-3.16545,-1.30299
-2.02015,-0.152826,2.02664,2.96314,3.26702,2.02431,-0.160127,-1.11391,-2.67218,-3.45858,-1.87013
-2.27622,-0.460823,1.73222,2.89471,3.28521,2.3854,0.147724,-0.884888,-2.44891,-3.69373,-2.4262
-2.50905,-0.759601,1.41264,2.80743,3.27189,2.71383,0.484995,-0.668838,-2.21784,-3.86754,-2.95729
-2.71551,-1.04806,1.07409,2.69744,3.23361,3.00147,0.848511,-0.462436,-1.98923,-3.97886,-3.44983
-2.89295,-1.32541,0.723349,2.56091,3.17658,3.24221,1.23258,-0.261303,-1.77193,-4.02868,-3.89125
-3.0393,-1.59102,0.367457,2.39455,3.10612,3.43229,1.62925,-0.0605797,-1.57284,-4.02005,-4.27041
-3.15312,-1.84417,0.0132396,2.19607,3.02624,3.57039,2.02868,0.144479,-1.39657,-3.95779,-4.5781
-3.23357,-2.08393,-0.333033,1.96456,2.93939,3.65756,2.41974,0.357916,-1.24521,-3.84814,-4.80742
-3.28044,-2.30901,-0.665958,1.70077,2.84626,3.69698,2.79069,0.582551,-1.11827,-3.69836,-4.95407
-3.29403,-2.51769,-0.981215,1.40715,2.74595,3.6935,3.12986,0.819572,-1.01278,-3.51625,-5.0165
-3.2751,-2.70782,-1.27567,1.08791,2.63608,3.65313,3.42638,1.06826,-0.923685,-3.30965,-4.99591
-3.22475,-2.87683,-1.54739,0.748767,2.51324,3.58239,3.67087,1.32589,-0.844207,-3.08596,-4.89621
-3.14435,-3.02188,-1.79551,0.396641,2.37343,3.48771,3.85595,1.58779,-0.766478,-2.85174,-4.72369
-3.0354,-3.13998,-2.02005,0.0392561,2.21256,3.37482,3.97666,1.84759,-0.682182,-2.61232,-4.48673
-2.89949,-3.22818,-2.22165,-0.315345,2.027,3.24824,4.0307,2.0976,-0.583247,-2.37153,-4.19526
-2.73818,-3.28379,-2.40129,-0.659302,1.81408,3.11095,4.01844,2.32936,-0.46252,-2.1316,-3.86029
-2.55302,-3.30452,-2.55994,-0.985402,1.57243,2.96416,3.94279,2.53419,-0.314382,-1.89314,-3.49325
-2.34549,-3.28874,-2.69834,-1.2875,1.30231,2.80728,3.80885,2.70387,-0.135241,-1.65519,-3.10543
-2.11707,-3.23551,-2.8167,-1.56081,1.00571,2.63811,3.62349,2.83121,0.0761047,-1.41554,-2.70739
-1.86922,-3.14475,-2.91462,-1.80212,0.686302,2.45314,3.39473,2.91063,0.318297,-1.17101,-2.30847
-1.60345,-3.01723,-2.991,-2.00984,0.349277,2.24803,3.13116,2.93858,0.587419,-0.917898,-1.91634
-1.32142,-2.85455,-3.04407,-2.18392,0.00101294,2.01812,2.84133,2.91383,0.877191,-0.652407,-1.53673
-1.02496,-2.65908,-3.07151,-2.32566,-0.351349,1.75906,2.53317,2.83759,1.17934,-0.371162,-1.17325
-0.716137,-2.43377,-3.07067,-2.4374,-0.700388,1.46738,2.21354,2.71343,1.48412,-0.0716452,-0.827402
-0.3973,-2.18208,-3.03883,-2.5222,-1.03891,1.14099,1.8879,2.54705,1.78094,0.247403,-0.49869
-0.0711016,-1.90773,-2.97345,-2.5834,-1.36043,0.779615,1.56012,2.34588,2.05901,0.585676,-0.184909
0.259515,-1.61457,-2.87253,-2.62426,-1.65955,0.385049,1.23247,2.11852,2.30812,0.941106,0.11747
0.59134,-1.30636,-2.73484,-2.64763,-1.93231,-0.0387445,0.905756,1.87416,2.51923,1.3098,0.412819
0.920956,-0.986691,-2.56014,-2.65567,-2.17631,-0.485709,0.57963,1.6219,2.68506,1.68613,0.705817
1.24481,-0.658866,-2.34937,-2.64967,-2.39073,-0.947938,0.252941,1.37015,2.80054,2.0629,1.0009
1.5593,-0.325837,-2.10465,-2.63002,-2.57625,-1.41607,-0.0757912,1.12605,2.8631,2.43176,1.30173
1.86089,0.00978751,-1.82933,-2.59623,-2.73476,-1.87981,-0.407903,0.895016,2.87272,2.78357,1.61074
2.1462,0.345705,-1.52783,-2.5471,-2.86902,-2.32849,-0.744141,0.680455,2.83187,3.10891,1.92873
2.41208,0.67984,-1.20548,-2.48094,-2.98222,-2.75168,-1.08428,0.483639,2.74527,3.39868,2.25466
2.65572,1.01024,-0.868235,-2.39588,-3.07755,-3.13979,-1.42685,0.303759,2.6194,3.64456,2.58552
2.87468,1.33495,-0.522428,-2.29017,-3.15776,-3.48457,-1.76898,0.138163,2.46203,3.83957,2.9164
3.06695,1.6519,-0.174432,-2.16248,-3.22476,-3.77948,-2.10644,-0.0172602,2.28155,3.9784,3.24066
3.23095,1.95881,0.169615,-2.01219,-3.27938,-4.02,-2.43374,-0.167565,2.08638,4.05779,3.55027
3.3655,2.2531,0.504077,-1.83957,-3.32114,-4.20371,-2.74444,-0.318169,1.88431,4.07666,3.83628
3.4698,2.53185,0.824022,-1.64591,-3.34827,-4.33025,-3.03153,-0.474236,1.68199,4.03614,4.08935
3.54341,2.7918,1.12536,-1.4335,-3.35782,-4.40111,-3.28789,-0.640095,1.4845,3.93945,4.30027
3.58611,3.02942,1.40491,-1.2056,-3.34586,-4.41932,-3.50679,-0.818728,1.29508,3.79163,4.46062
3.59791,3.24096,1.66039,-0.966226,-3.30785,-4.38904,-3.68234,-1.01138,1.11501,3.59919,4.56325
3.57897,3.42263,1.89033,-0.71989,-3.23907,-4.31511,-3.80994,-1.21733,0.943664,3.36963,4.60277
3.52951,3.57071,2.09395,-0.471331,-3.13506,-4.20258,-3.88657,-1.43381,0.778792,3.11096,4.5759
3.44983,3.68173,2.271,-0.225176,-2.99208,-4.05628,-3.91104,-1.65616,0.616839,2.83111,4.4817
3.34026,3.75265,2.42155,0.0143698,-2.80753,-3.88044,-3.884,-1.87807,0.453452,2.53751,4.32163
3.20114,3.781,2.54583,0.243791,-2.58028,-3.6785,-3.8079,-2.09202,0.284024,2.23658,4.09945
3.03291,3.76504,2.64406,0.460467,-2.31089,-3.4529,-3.68675,-2.28986,0.104256,1.93345,3.82102
2.83608,3.70384,2.71635,0.662793,-2.00172,-3.20514,-3.52579,-2.46336,-0.0893032,1.63176,3.49394
2.61133,3.59734,2.76261,0.850204,-1.65689,-2.93582,-3.33106,-2.60483,-0.298805,1.33351,3.12703
2.35952,3.44639,2.78256,1.0231,-1.28206,-2.64492,-3.10895,-2.70773,-0.524755,1.0392,2.72988
2.08183,3.2527,2.77576,1.18266,-0.884237,-2.33209,-2.86572,-2.76713,-0.765817,0.747975,2.31223
1.77975,3.01878,2.74171,1.33067,-0.471297,-1.99693,-2.60705,-2.78008,-1.01878,0.457987,1.88346
1.45513,2.74784,2.67998,1.46912,-0.0516097,-1.63942,-2.33771,-2.7458,-1.27869,0.166746,1.45208
1.11029,2.44369,2.59034,1.60002,0.36644,-1.26019,-2.06129,-2.66575,-1.53913,-0.128403,1.02534
0.747922,2.11057,2.47294,1.72497,0.774893,-0.860813,-1.78006,-2.54342,-1.79264,-0.429827,0.608949
0.371186,1.75302,2.32844,1.84499,1.16661,-0.443941,-1.49503,-2.38414,-2.0312,-0.739161,0.206895
-0.0163821,1.37579,2.15808,1.96025,1.53556,-0.0134102,-1.20605,-2.19453,-2.24684,-1.05694,-0.178532
-0.410892,0.983663,1.9638,2.06997,1.87707,0.42582,-0.912077,-1.98206,-2.43214,-1.38233,-0.546628
-0.808171,0.581422,1.74818,2.17239,2.18786,0.867818,-0.611567,-1.75446,-2.58083,-1.71294,-0.898014
-1.20384,0.17374,1.51443,2.26483,2.46604,1.30593,-0.302842,-1.51913,-2.68816,-2.04485,-1.23429
-1.59339,-0.234842,1.26627,2.34387,2.71098,1.73308,0.0154644,-1.28265,-2.75124,-2.37267,-1.5576
-1.9723,-0.639944,1.00776,2.40555,2.92309,2.14217,0.344013,-1.05033,-2.76922,-2.68984,-1.87019
-2.33609,-1.03735,0.743162,2.44575,3.1035,2.52643,0.68242,-0.825935,-2.7433,-2.98893,-2.17396
-2.68043,-1.42299,0.476657,2.46044,3.25376,2.87976,1.02902,-0.611523,-2.67656,-3.26213,-2.47006
-3.00119,-1.79295,0.212206,2.44606,3.37552,3.19704,1.38076,-0.407476,-2.57371,-3.5017,-2.75857
-3.29452,-2.14346,-0.0466613,2.39984,3.47024,3.47433,1.73318,-0.212657,-2.44062,-3.70046,-3.03828
-3.5569,-2.47087,-0.296991,2.32002,3.53891,3.70901,2.0806,-0.0247257,-2.2839,-3.8523,-3.30663
-3.78516,-2.77173,-0.536502,2.20607,3.58199,3.89978,2.41637,0.159449,-2.11032,-3.95253,-3.55968
-3.97653,-3.04276,-0.763626,2.05875,3.59923,4.04658,2.73327,0.34331,-1.92629,-3.9982,-3.79238
-4.12862,-3.28094,-0.977488,1.88014,3.58978,4.15039,3.02388,0.53011,-1.73744,-3.98825,-3.99878
-4.23948,-3.48359,-1.17782,1.6735,3.55228,4.21302,3.2811,0.722432,-1.54818,-3.92361,-4.1724
-4.30758,-3.64839,-1.36483,1.44312,3.48505,4.23676,3.49862,0.921787,-1.36148,-3.80705,-4.30675
-4.33185,-3.77353,-1.53904,1.19403,3.38631,4.22412,3.67124,1.12831,-1.17875,-3.64298,-4.39571
-4.31164,-3.85776,-1.70108,0.931741,3.25451,4.17754,3.79528,1.34059,-0.999845,-3.43713,-4.43402
-4.24679,-3.90041,-1.85149,0.661882,3.08853,4.09909,3.86872,1.55566,-0.823309,-3.19611,-4.41766
-4.1376,-3.9015,-1.99057,0.389906,2.88798,3.99034,3.89131,1.76912,-0.646622,-2.92699,-4.34421
-3.98488,-3.86169,-2.11818,0.120801,2.65335,3.85226,3.86451,1.97541,-0.46663,-2.63679,-4.21304
-3.78995,-3.78233,-2.23369,-0.141136,2.38617,3.68521,3.79129,2.16821,-0.280001,-2.3321,-4.0254
-3.55467,-3.66534,-2.33593,-0.39246,2.089,3.48903,3.67586,2.34086,-0.0837008,-2.01864,-3.7844
-3.28139,-3.5132,-2.42317,-0.630649,1.76542,3.26324,3.52327,2.48691,0.124553,-1.70105,-3.49483
-2.97303,-3.32879,-2.49326,-0.854103,1.41992,3.00722,3.33903,2.60058,0.345911,-1.38269,-3.16293
-2.63297,-3.11529,-2.54374,-1.06206,1.05765,2.72056,3.12866,2.67724,0.580113,-1.06559,-2.79595
-2.26509,-2.87606,-2.57199,-1.25444,0.684228,2.40326,2.89731,2.71372,0.825336,-0.750549,-2.40183
-1.87365,-2.61449,-2.5755,-1.43165,0.305444,2.05605,2.64941,2.70858,1.07819,-0.437354,-1.98866
-1.46329,-2.33388,-2.55203,-1.59438,-0.0730102,1.68059,2.38847,2.66219,1.33384,-0.125032,-1.5643
-1.03887,-2.03735,-2.49986,-1.74335,-0.445794,1.2796,2.11693,2.57669,1.58631,0.187769,-1.13597
-0.605455,-1.72773,-2.41793,-1.87911,-0.808134,0.856926,1.83618,2.45578,1.82882,0.502396,-0.709929
-0.168132,-1.40756,-2.30599,-2.00187,-1.15597,0.41751,1.54664,2.30444,2.05425,0.819809,-0.291262
0.268044,-1.07906,-2.1647,-2.11141,-1.48604,-0.032753,1.24804,2.12849,2.25564,1.14023,0.116239
0.698172,-0.744187,-1.99559,-2.20699,-1.7959,-0.487228,0.939661,1.93415,2.42671,1.46289,0.510068
1.1176,-0.404647,-1.8011,-2.28736,-2.08385,-0.938817,0.620728,1.72756,2.56221,1.78582,0.888886
1.52202,-0.0620357,-1.58439,-2.3509,-2.3488,-1.38029,0.290743,1.51432,2.65839,2.1058,1.25231
1.90751,0.282082,-1.34922,-2.39567,-2.59017,-1.8046,-0.050167,1.29914,2.71314,2.41843,1.60062
2.2706,0.626056,-1.09977,-2.41964,-2.80761,-2.20527,-0.400968,1.08553,2.72617,2.7183,1.93444
2.60826,0.968046,-0.840413,-2.42086,-3.00087,-2.57659,-0.759527,0.875696,2.69896,2.99922,2.25438
2.91797,1.30593,-0.575489,-2.39765,-3.16961,-2.9139,-1.12253,0.670449,2.63457,3.25462,2.56069
3.1976,1.63723,-0.309118,-2.34881,-3.31326,-3.21372,-1.48549,0.46938,2.53736,3.47795,2.85303
3.44547,1.95912,-0.0450253,-2.27371,-3.43093,-3.47378,-1.84291,0.271073,2.41263,3.66305,3.1302
3.66022,2.26836,0.213585,-2.17246,-3.5214,-3.69298,-2.18854,0.0734387,2.26614,3.80462,3.39008
3.8408,2.56141,0.464108,-2.04588,-3.58313,-3.87126,-2.51568,-0.125887,2.10368,3.89851,3.6296
3.9864,2.8345,0.704555,-1.89556,-3.61436,-4.00941,-2.81757,-0.329125,1.9306,3.94201,3.84482
4.09637,3.08371,0.933524,-1.72372,-3.61327,-4.10882,-3.0878,-0.537946,1.75146,3.93403,4.03116
4.17022,3.30515,1.15011,-1.53314,-3.57815,-4.1712,-3.32071,-0.753126,1.56972,3.87514,4.18364
4.20756,3.49509,1.35381,-1.32697,-3.50758,-4.19834,-3.5117,-0.974281,1.38755,3.7675,4.29724
4.20806,3.65016,1.54433,-1.1086,-3.40063,-4.19185,-3.6575,-1.19972,1.20582,3.61468,4.36721
4.17154,3.76743,1.72149,-0.881412,-3.25705,-4.153,-3.75634,-1.42644,1.02417,3.42143,4.38951
4.0979,3.84461,1.88506,-0.648677,-3.07734,-4.08259,-3.80798,-1.65021,0.841223,3.19328,4.36106
3.98722,3.88014,2.03461,-0.413377,-2.86288,-3.98093,-3.81365,-1.86583,0.65487,2.93623,4.28003
3.83977,3.87323,2.16945,-0.178113,-2.61591,-3.8479,-3.77585,-2.06747,0.462674,2.65628,4.14605
3.65612,3.82391,2.28857,0.0549473,-2.33951,-3.68302,-3.6981,-2.24905,0.262262,2.35915,3.96025
3.43715,3.733,2.39065,0.284081,-2.03744,-3.48572,-3.5846,-2.40469,0.0517314,2.04991,3.72531
3.18413,3.6021,2.47407,0.507968,-1.71406,-3.25547,-3.43989,-2.52916,-0.169986,1.7328,3.44528
2.89878,3.43345,2.53702,0.725605,-1.37406,-2.99209,-3.26843,-2.61828,-0.402846,1.41104,3.12538
2.58329,3.22987,2.57764,0.936206,-1.0223,-2.69595,-3.07436,-2.66918,-0.64551,1.08684,2.77175
2.24031,2.99458,2.59411,1.13907,-0.66359,-2.3682,-2.86116,-2.68056,-0.895285,0.761493,2.39111
1.873,2.73109,2.58483,1.33344,-0.302483,-2.01086,-2.63151,-2.65277,-1.1482,0.43548,1.99038
1.48494,2.44309,2.54857,1.51842,0.0568541,-1.62696,-2.38722,-2.58773,-1.39918,0.108764,1.57633
1.08014,2.13426,2.48459,1.69288,0.410766,-1.22052,-2.12928,-2.48877,-1.64236,-0.218937,1.15532
0.662918,1.80826,2.39272,1.85536,0.756152,-0.796439,-1.85792,-2.36037,-1.87146,-0.547839,0.732996
0.237858,1.46856,2.27346,2.00412,1.09047,-0.360366,-1.57291,-2.20777,-2.08018,-0.877785,0.314116
-0.190312,1.11847,2.12798,2.13715,1.41167,0.0815233,-1.2738,-2.03656,-2.26266,-1.20799,-0.0975129
-0.616808,0.761066,1.95808,2.25225,1.71811,0.522798,-0.960227,-1.85224,-2.41386,-1.53683,-0.499047
-1.03689,0.399251,1.76613,2.34712,2.00841,0.957049,-0.632222,-1.65986,-2.52995,-1.86174,-0.888514
-1.44596,0.0357442,1.555,2.41954,2.28131,1.37817,-0.290505,-1.46363,-2.60848,-2.17921,-1.26465
-1.83965,-0.326846,1.32788,2.46748,2.53554,1.7806,0.063311,-1.26671,-2.64858,-2.48483,-1.62667
-2.21387,-0.685971,1.08819,2.48926,2.76967,2.15953,0.426581,-1.07106,-2.65094,-2.7735,-1.97402
-2.56488,-1.03908,0.839385,2.48368,2.98206,2.51105,0.795596,-0.87741,-2.61773,-3.03966,-2.30614
-2.88935,-1.38359,0.584866,2.45012,3.17078,2.83219,1.16565,-0.685408,-2.55232,-3.2776,-2.62218
-3.18433,-1.71679,0.327828,2.38862,3.33365,3.12091,1.53119,-0.493792,-2.45905,-3.48184,-2.92085
-3.44727,-2.03591,0.0711838,2.29988,3.46824,3.37601,1.88611,-0.300719,-2.34277,-3.64742,-3.20024
-3.67605,-2.33804,-0.182491,2.18525,3.57206,3.59699,2.22402,-0.10411,-2.20848,-3.77022,-3.45781
-3.86891,-2.62021,-0.430986,2.04667,3.64264,3.78384,2.53861,0.0979611,-2.06095,-3.84727,-3.69038
-4.02444,-2.87942,-0.672439,1.88657,3.67769,3.93684,2.82401,0.306911,-1.90431,-3.87687,-3.89428
-4.14159,-3.11271,-0.905298,1.70771,3.67534,4.05635,3.07512,0.523328,-1.74186,-3.85874,-4.06547
-4.21957,-3.31722,-1.12825,1.51311,3.63426,4.1426,3.2879,0.746742,-1.57578,-3.79398,-4.19982
-4.25793,-3.49032,-1.34017,1.3058,3.5538,4.19557,3.4595,0.975495,-1.40715,-3.68497,-4.29336
-4.25645,-3.62966,-1.53997,1.08878,3.43413,4.2149,3.58842,1.20672,-1.23597,-3.53521,-4.34258
-4.21519,-3.73329,-1.72662,0.864836,3.27626,4.19988,3.6745,1.43646,-1.06128,-3.34902,-4.34468
-4.1345,-3.7997,-1.89899,0.636498,3.08207,4.14948,3.71876,1.65986,-0.881469,-3.13128,-4.29784
-4.01499,-3.82787,-2.05586,0.405966,2.85422,4.0625,3.72327,1.87148,-0.694538,-2.8871,-4.20136
-3.85757,-3.81735,-2.19589,0.175102,2.59611,3.93774,3.69085,2.06566,-0.49849,-2.62148,-4.05578
-3.66346,-3.76823,-2.31762,-0.0545408,2.31165,3.77421,3.62478,2.23692,-0.291672,-2.33904,-3.86291
-3.43422,-3.68113,-2.41952,-0.281666,2.00512,3.57131,3.52848,2.38032,-0.0731047,-2.04382,-3.62577
-3.17176,-3.5572,-2.50002,-0.505156,1.681,3.32914,3.40519,2.49187,0.157247,-1.73911,-3.34844
-2.87833,-3.39806,-2.55763,-0.723975,1.34374,3.04858,3.25775,2.56871,0.398299,-1.4274,-3.03586
-2.55654,-3.2057,-2.59099,-0.93708,0.99763,2.73151,3.08838,2.60938,0.647767,-1.11037,-2.69359
-2.20937,-2.98249,-2.59898,-1.14333,0.646613,2.38081,2.8986,2.61386,0.902202,-0.789083,-2.32749
-1.84009,-2.73104,-2.5808,-1.34142,0.294235,2.00043,2.68923,2.58351,1.15713,-0.464059,-1.94347
-1.45229,-2.45418,-2.53602,-1.52983,-0.0564215,1.5952,2.46046,2.5209,1.40731,-0.135574,-1.54722
-1.0498,-2.15485,-2.46469,-1.70684,-0.402727,1.17077,2.21204,2.42964,1.64701,0.196116,-1.14396
-0.636653,-1.8361,-2.36728,-1.87051,-0.742455,0.733353,1.94351,2.31396,1.87039,0.53051,-0.738273
-0.217037,-1.50104,-2.24478,-2.01877,-1.07369,0.289448,1.65449,2.1784,2.07189,0.866641,-0.334022
0.204788,-1.15279,-2.0986,-2.14947,-1.39472,-0.15441,1.34492,2.02745,2.24656,1.20288,0.0656908
0.624539,-0.79449,-1.93058,-2.2605,-1.7039,-0.591945,1.01542,1.86519,2.3904,1.53684,0.458475
1.03798,-0.429279,-1.74287,-2.3499,-1.99952,-1.01739,0.667419,1.695,2.50059,1.86531,0.842542
1.44096,-0.0603173,-1.53791,-2.41591,-2.27971,-1.42567,0.303373,1.5194,2.57559,2.18432,1.21654
1.8295,0.309223,-1.31831,-2.45717,-2.54238,-1.81259,-0.0731972,1.33989,2.61526,2.48926,1.57935
2.19982,0.676145,-1.08679,-2.4727,-2.78515,-2.17487,-0.457734,1.15702,2.62071,2.77506,1.92991
2.54836,1.03723,-0.846055,-2.46203,-3.0054,-2.51012,-0.844771,0.970461,2.5942,3.03645,2.26695
2.87185,1.38922,-0.598797,-2.42516,-3.20028,-2.8168,-1.22815,0.779228,2.53884,3.26826,2.58891
3.16727,1.72888,-0.347593,-2.36264,-3.36688,-3.09407,-1.6013,0.581945,2.45833,3.46568,2.89373
3.43195,2.05296,-0.0948896,-2.27543,-3.50231,-3.34155,-1.9576,0.377171,2.35661,3.62454,3.17885
3.6635,2.35826,0.157016,-2.16495,-3.60385,-3.55916,-2.29068,0.163722,2.23751,3.74157,3.44119
3.85987,2.6417,0.405974,-2.0329,-3.66917,-3.7469,-2.59481,-0.0590195,2.10451,3.81454,3.6772
4.0193,2.90029,0.649973,-1.88126,-3.69644,-3.90461,-2.86516,-0.29085,1.96043,3.84241,3.88304
4.1404,3.13126,0.887113,-1.71214,-3.68448,-4.03186,-3.09804,-0.530566,1.80734,3.82532,4.05473
4.22206,3.33208,1.11558,-1.52771,-3.63285,-4.12784,-3.29103,-0.775888,1.64643,3.76457,4.18839
4.26355,3.50051,1.33363,-1.33014,-3.54191,-4.1913,-3.44305,-1.02348,1.4781,3.66245,4.28048
4.26445,3.63467,1.53955,-1.12154,-3.41282,-4.22064,-3.55426,-1.26906,1.30202,3.52209,4.328
4.22468,3.73306,1.73166,-0.903909,-3.24751,-4.21398,-3.62595,-1.50767,1.11738,3.34721,4.32874
4.14454,3.79458,1.90827,-0.679151,-3.04859,-4.16938,-3.66028,-1.7339,0.923086,3.14185,4.28144
4.02466,3.8186,2.06778,-0.449071,-2.81918,-4.08498,-3.66001,-1.9423,0.718093,2.91015,4.18589
3.86607,3.8049,2.20858,-0.215408,-2.56281,-3.9593,-3.62818,-2.12768,0.501666,2.65607,4.04298
3.67013,3.75373,2.32917,0.0201246,-2.28322,-3.79145,-3.5678,-2.2855,0.273644,2.38325,3.85467
3.4386,3.66573,2.42817,0.255796,-1.98422,-3.58131,-3.48158,-2.41215,0.034647,2.09486,3.62394
3.17359,3.54198,2.50435,0.489817,-1.66952,-3.32975,-3.37167,-2.50517,-0.213788,1.7935,3.3546
2.87758,3.38389,2.55667,0.720302,-1.34264,-3.03868,-3.2396,-2.56341,-0.46916,1.48124,3.05112
2.55337,3.19326,2.58436,0.945255,-1.00681,-2.7111,-3.0861,-2.58702,-0.728043,1.1597,2.71841
2.20407,2.97213,2.5869,1.16257,-0.664919,-2.35108,-2.91127,-2.57744,-0.986224,0.830118,2.36157
1.83309,2.72285,2.56407,1.37004,-0.319581,-1.96356,-2.71461,-2.53715,-1.23891,0.493585,1.98571
1.44405,2.44796,2.51596,1.56541,0.0268706,-1.55424,-2.49528,-2.46951,-1.48099,0.151183,1.59572
1.04081,2.15023,2.44299,1.74642,0.372283,-1.1293,-2.25235,-2.37835,-1.70736,-0.195801,1.19613
0.627368,1.83256,2.34586,1.9109,0.714584,-0.695113,-1.98508,-2.26775,-1.91321,-0.545704,0.791013
0.207826,1.498,2.22559,2.05678,1.05168,-0.258005,-1.69321,-2.14158,-2.09432,-0.896359,0.383925
-0.213647,1.14971,2.08343,2.18225,1.38133,0.176039,-1.37725,-2.00331,-2.24735,-1.245,-0.0220683
-0.632874,0.790921,1.92088,2.28575,1.70111,0.601586,-1.03866,-1.85572,-2.36994,-1.58826,-0.424339
-1.04572,0.424962,1.73966,2.36607,2.00833,1.01393,-0.679963,-1.70073,-2.4609,-1.92219,-0.820588
-1.44813,0.0551948,1.54163,2.42237,2.3,1.4092,-0.304836,-1.53938,-2.52014,-2.24238,-1.20871
-1.83617,-0.314985,1.32881,2.45417,2.57291,1.78437,0.0819977,-1.37184,-2.54866,-2.54411,-1.58666
-2.20611,-0.682171,1.10334,2.4614,2.82367,2.13723,0.474899,-1.19753,-2.54834,-2.82257,-1.95231
-2.55437,-1.04297,0.867434,2.44431,3.04882,2.46627,0.867554,-1.01537,-2.52173,-3.0731,-2.30332
-2.87765,-1.39403,0.623383,2.40349,3.245,2.77049,1.25327,-0.824016,-2.47181,-3.29137,-2.63707
-3.17289,-1.73206,0.373539,2.33975,3.40904,3.04926,1.62531,-0.622177,-2.40167,-3.47366,-2.95062
-3.43732,-2.05385,0.120291,2.25412,3.5382,3.30205,1.97725,-0.408912,-2.31425,-3.617,-3.24071
-3.66848,-2.35635,-0.133941,2.14773,3.63024,3.52826,2.30327,-0.183908,-2.21213,-3.71936,-3.50386
-3.86424,-2.63662,-0.386725,2.02184,3.6836,3.72705,2.59848,0.0523011,-2.09728,-3.77965,-3.73641
-4.0228,-2.89193,-0.635636,1.87772,3.69745,3.89723,2.85908,0.298193,-1.97103,-3.79782,-3.93473
-4.14271,-3.11977,-0.878272,1.71666,3.67174,4.03719,3.08251,0.551205,-1.83397,-3.77473,-4.09538
-4.22289,-3.31785,-1.11228,1.53998,3.60723,4.14491,3.26744,0.807785,-1.68607,-3.71208,-4.21527
-4.26263,-3.48419,-1.33538,1.34901,3.50538,4.21809,3.41374,1.06353,-1.52674,-3.61226,-4.29186
-4.26156,-3.61707,-1.5454,1.14516,3.36828,4.25423,3.5223,1.31341,-1.35509,-3.47811,-4.3233
-4.21973,-3.7151,-1.74032,0.929893,3.19853,4.25087,3.59481,1.55208,-1.17012,-3.31277,-4.30856
-4.13753,-3.77725,-1.91826,0.704823,2.99909,4.2058,3.63346,1.77415,-0.971008,-3.11943,-4.2475
-4.01574,-3.8028,-2.07754,0.471725,2.7731,4.1173,3.64069,1.9746,-0.757323,-2.90117,-4.14089
-3.85549,-3.79143,-2.21671,0.232575,2.52374,3.98434,3.61888,2.14902,-0.52928,-2.66085,-3.99042
-3.65827,-3.74318,-2.33452,-0.0104346,2.2541,3.8068,3.57011,2.29395,-0.287889,-2.40094,-3.79853
-3.42593,-3.65847,-2.42998,-0.254899,1.96708,3.58558,3.49596,2.40699,-0.0350536,-2.12356,-3.56838
-3.16063,-3.53809,-2.50234,-0.498218,1.66533,3.32265,3.39741,2.487,0.226413,-1.83047,-3.30365
-2.86486,-3.3832,-2.55105,-0.737644,1.35122,3.02109,3.27481,2.53405,0.492854,-1.52313,-3.00835
-2.5414,-3.19534,-2.57581,-0.970346,1.02688,2.68496,3.12793,2.54935,0.759909,-1.20284,-2.68667
-2.1933,-2.9764,-2.57649,-1.19348,0.694265,2.31915,2.95611,2.53509,1.02273,-0.870844,-2.34279
-1.82388,-2.72857,-2.55318,-1.4043,0.355228,1.92923,2.75846,2.49418,1.27625,-0.52856,-1.98078
-1.43665,-2.45437,-2.50609,-1.6002,0.0116614,1.52113,2.53412,2.42999,1.51544,-0.177667,-1.60442
-1.03532,-2.15659,-2.43563,-1.77887,-0.334405,1.1009,2.2825,2.34602,1.73562,0.179729,-1.2172
-0.623771,-1.83824,-2.34232,-1.93831,-0.680695,0.674481,2.00358,2.24559,1.93272,0.541005,-0.82228
-0.205983,-1.50255,-2.22684,-2.07691,-1.0246,0.247425,1.69813,2.13161,2.10348,0.902975,-0.422495
0.213971,-1.15289,-2.09002,-2.19348,-1.36315,-0.17527,1.36783,2.00637,2.24562,1.26189,-0.020457
0.631982,-0.792744,-1.93285,-2.28725,-1.69296,-0.589291,1.01546,1.87137,2.3579,1.61352,0.381378
1.04394,-0.425644,-1.75649,-2.35786,-2.01034,-0.991079,0.644803,1.72736,2.44012,1.95324,0.780589
1.4458,-0.0551563,-1.56232,-2.4053,-2.31132,-1.37781,0.260637,1.57432,2.49306,2.27622,1.17468
1.83358,0.315179,-1.35194,-2.42987,-2.5918,-1.74734,-0.131458,1.41164,2.51828,2.5776,1.56098
2.20347,0.681884,-1.12717,-2.43208,-2.84771,-2.09803,-0.525329,1.2383,2.51793,2.85271,1.93657
2.55182,1.04157,-0.890096,-2.41257,-3.07518,-2.42862,-0.914539,1.05315,2.4945,3.09728,2.2982
2.87521,1.39097,-0.64303,-2.37207,-3.27068,-2.73804,-1.29267,0.855144,2.45061,3.30763,2.64234
3.1705,1.72695,-0.38852,-2.3113,-3.43123,-3.02517,-1.65366,0.643654,2.38869,3.48081,2.9652
3.43483,2.04652,-0.129305,-2.23092,-3.55454,-3.28874,-1.99204,0.418681,2.31082,3.61473,3.26278
3.66569,2.34686,0.131722,-2.13156,-3.63903,-3.52713,-2.30323,0.181048,2.2186,3.70824,3.53106
3.86091,2.62533,0.391573,-2.01374,-3.684,-3.73838,-2.58364,-0.0674926,2.113,3.76104,3.76606
4.01871,2.87942,0.647237,-1.87797,-3.68951,-3.9201,-2.83082,-0.324227,1.9944,3.77374,3.96411
4.13769,3.10683,0.895746,-1.72478,-3.65642,-4.06961,-3.0434,-0.585551,1.86263,3.74764,4.12191
4.21684,3.30543,1.13426,-1.55477,-3.58627,-4.18397,-3.22102,-0.847111,1.71712,3.68466,4.23678
4.25556,3.47327,1.36013,-1.36871,-3.48111,-4.26023,-3.36419,-1.10402,1.55703,3.58712,4.30674
4.25361,3.60862,1.57097,-1.1676,-3.34339,-4.29559,-3.47406,-1.35115,1.38155,3.45759,4.33064
4.21114,3.70997,1.76469,-0.952751,-3.17581,-4.28765,-3.55216,-1.58339,1.19003,3.29869,4.30817
4.12868,3.77607,1.93957,-0.72583,-2.98109,-4.23461,-3.60015,-1.79598,0.982279,3.11295,4.23992
4.00708,3.80593,2.09421,-0.488897,-2.76192,-4.13547,-3.61959,-1.9848,0.75872,2.90271,4.12731
3.84753,3.79892,2.22757,-0.244393,-2.52079,-3.99021,-3.6117,-2.14654,0.520524,2.67002,3.9725
3.65155,3.75473,2.33895,0.00488515,-2.25996,-3.79983,-3.57729,-2.27894,0.269693,2.41666,3.77828
3.42095,3.67345,2.4279,0.255853,-1.98143,-3.56642,-3.51661,-2.38082,0.00905504,2.14412,3.54792
3.15783,3.5556,2.49424,0.505229,-1.68697,-3.2931,-3.42941,-2.45208,-0.257804,1.85372,3.28501
2.86454,3.40213,2.53793,0.749644,-1.3782,-2.9839,-3.31503,-2.49362,-0.526683,1.54672,2.99329
2.54373,3.21444,2.55906,0.985769,-1.05669,-2.64358,-3.17251,-2.50721,-0.792962,1.22442,2.67652
2.19828,2.99437,2.55778,1.21044,-0.724055,-2.27743,-3.00084,-2.49518,-1.05184,0.888312,2.33834
1.8313,2.74421,2.53426,1.42078,-0.382115,-1.89102,-2.79916,-2.46026,-1.29859,0.540241,1.9822
1.44616,2.46663,2.48869,1.61428,-0.0329967,-1.48994,-2.56703,-2.40525,-1.52881,0.18248,1.6113
1.0464,2.16468,2.42123,1.78892,0.320768,-1.07958,-2.30465,-2.3328,-1.73864,-0.182176,1.22859
0.63578,1.84168,2.33206,1.94315,0.676188,-0.664951,-2.01306,-2.24515,-1.92498,-0.550389,0.836787
0.218215,1.50122,2.22144,2.07594,1.0298,-0.250489,-1.69422,-2.14402,-2.08558,-0.918296,0.438472
-0.202248,1.14702,2.08967,2.18674,1.37769,0.159983,-1.35111,-2.03048,-2.21911,-1.28158,0.0361455
-0.621468,0.782897,1.93726,2.27543,1.71561,0.563292,-0.987696,-1.90496,-2.32514,-1.63557,-0.36766
-1.03526,0.412666,1.76493,2.34218,2.03906,0.956868,-0.608811,-1.76731,-2.40408,-1.97545,-0.77028
-1.43942,0.0400997,1.57367,2.38745,2.34349,1.33864,-0.219985,-1.61691,-2.45701,-2.29637,-1.16884
-1.82985,-0.331147,1.36484,2.41177,2.62446,1.70689,0.172789,-1.45293,-2.48551,-2.59369,-1.56018
-2.20251,-0.697578,1.14016,2.41573,2.87784,2.06009,0.563326,-1.27446,-2.49143,-2.86313,-1.94083
-2.55358,-1.05588,0.901764,2.39983,3.09997,2.39671,0.945538,-1.08083,-2.47673,-3.10098,-2.30704
-2.87945,-1.40296,0.652144,2.36444,3.28784,2.71508,1.31371,-0.871817,-2.44318,-3.3042,-2.6548
-3.17683,-1.73591,0.394154,2.3098,3.43918,3.01321,1.66273,-0.647806,-2.39229,-3.47055,-2.97993
-3.44272,-2.05203,0.130929,2.23596,3.55255,3.28877,1.98832,-0.409975,-2.32513,-3.5986,-3.27822
-3.67454,-2.34882,-0.134198,2.14287,3.62733,3.53902,2.2871,-0.160349,-2.24231,-3.68773,-3.54554
-3.87008,-2.6239,-0.397801,2.03043,3.66372,3.76087,2.55669,0.0982002,-2.14395,-3.73811,-3.77803
-4.02758,-2.87505,-0.656468,1.89858,3.66261,3.95094,2.79567,0.362031,-2.02977,-3.75054,-3.97225
-4.14571,-3.10018,-0.906921,1.74742,3.62546,4.10577,3.00343,0.626883,-1.8992,-3.72637,-4.1253
-4.22357,-3.29729,-1.14612,1.57731,3.5542,4.22196,3.18008,0.888085,-1.75158,-3.66733,-4.23495
-4.26066,-3.4645,-1.37134,1.38897,3.45097,4.29641,3.32621,1.1408,-1.58627,-3.57538,-4.29976
-4.25692,-3.60004,-1.58028,1.18358,3.31804,4.32653,3.44268,1.38029,-1.40296,-3.45255,-4.31907
-4.21264,-3.7023,-1.77105,0.962829,3.15762,4.31046,3.53037,1.60218,-1.20173,-3.30084,-4.29305
-4.12848,-3.76988,-1.94223,0.728914,2.97176,4.24719,3.59003,1.80269,-0.983291,-3.1221,-4.22265
-4.00542,-3.80159,-2.09281,0.484542,2.76229,4.13674,3.6221,1.97882,-0.749054,-2.91802,-4.10951
-3.84475,-3.79656,-2.22218,0.232856,2.53076,3.98017,3.62661,2.12847,-0.501173,-2.69007,-3.95587
-3.64801,-3.75427,-2.33006,-0.022667,2.27851,3.77958,3.60319,2.2505,-0.242531,-2.43958,-3.76443
-3.41704,-3.67461,-2.41638,-0.278341,2.00674,3.53804,3.55104,2.34468,0.0233368,-2.1678,-3.53821
-3.15391,-3.55795,-2.48121,-0.530426,1.71656,3.25943,3.46912,2.41165,0.292383,-1.87599,-3.28043
-2.86092,-3.40513,-2.52471,-0.775279,1.40919,2.94828,3.35627,2.45269,0.560231,-1.56552,-2.99435
-2.54064,-3.21754,-2.54699,-1.00951,1.08606,2.6095,3.21139,2.46959,0.822383,-1.23804,-2.6832
-2.19586,-2.99704,-2.5481,-1.23012,0.748965,2.24823,3.03371,2.46438,1.07445,-0.895535,-2.3501
-1.82959,-2.74603,-2.528,-1.43458,0.400156,1.86954,2.82296,2.43914,1.31235,-0.540448,-1.99803
-1.4451,-2.46732,-2.48653,-1.62095,0.0424276,1.47824,2.57955,2.39576,1.53253,-0.175713,-1.6298
-1.04588,-2.16412,-2.42345,-1.78784,-0.320857,1.07878,2.30478,2.3358,1.73207,0.195228,-1.2481
-0.635631,-1.83995,-2.33853,-1.93443,-0.685786,0.67508,2.00083,2.26034,1.90884,0.568452,-0.855567
-0.218242,-1.49855,-2.23156,-2.06041,-1.04797,0.270522,1.67084,2.16995,2.06146,0.939633,-0.454836
0.202232,-1.14379,-2.10253,-2.16584,-1.40269,-0.132038,1.31886,2.06474,2.18935,1.30416,-0.0486302
0.621618,-0.779579,-1.95163,-2.2511,-1.74502,-0.530197,0.94966,1.94436,2.29258,1.65727,0.36016
1.03567,-0.40977,-1.77943,-2.31669,-2.07004,-0.921886,0.568618,1.80819,2.3718,1.99422,0.768413
1.44015,-0.0381098,-1.58691,-2.36314,-2.37306,-1.30522,0.181449,1.65552,2.42804,2.31047,1.17273
1.83084,0.331828,-1.37553,-2.39089,-2.64976,-1.67832,-0.206026,1.48573,2.46255,2.6018,1.56943
2.20368,0.696679,-1.14725,-2.40016,-2.89642,-2.0392,-0.588144,1.29848,2.47661,2.86454,1.95455
2.55476,1.0533,-0.90454,-2.39096,-3.11004,-2.38558,-0.959628,1.09393,2.47138,3.09558,2.32393
2.88047,1.39879,-0.650323,-2.36303,-3.28842,-2.71483,-1.31579,0.872874,2.44776,3.29255,2.67327
3.17747,1.73042,-0.387894,-2.31587,-3.4302,-3.02393,-1.65267,0.636835,2.40631,3.45377,2.99826
3.44281,2.04566,-0.120817,-2.24886,-3.53486,-3.30947,-1.96714,0.388099,2.34724,3.5783,3.29472
3.67393,2.34212,0.147198,-2.16128,-3.60262,-3.56775,-2.25687,0.129694,2.27039,3.66585,3.5587
3.86869,2.61751,0.41244,-2.05253,-3.63434,-3.79487,-2.52035,-0.134715,2.17535,3.71672,3.78667
4.02542,2.8696,0.671337,-1.92223,-3.63136,-3.98695,-2.7567,-0.400968,2.06154,3.73166,3.9756
4.14285,3.09625,0.920584,-1.77032,-3.59533,-4.14032,-2.96557,-0.664615,1.92839,3.71179,4.1231
4.22018,3.29534,1.15725,-1.59728,-3.52805,-4.2517,-3.14694,-0.921131,1.77547,3.65841,4.22747
4.25698,3.4648,1.37887,-1.40413,-3.43131,-4.31844,-3.30095,-1.16615,1.60268,3.57296,4.28775
4.25323,3.60268,1.58347,-1.19253,-3.30673,-4.33869,-3.42767,-1.3957,1.4104,3.45686,4.3037
4.20925,3.70714,1.76959,-0.964764,-3.15572,-4.31149,-3.52704,-1.60634,1.19957,3.31147,4.27581
4.12571,3.77656,1.93626,-0.723735,-2.97945,-4.23693,-3.59866,-1.79537,0.971803,3.13806,4.2052
4.00353,3.80957,2.08292,-0.472836,-2.7788,-4.11609,-3.64183,-1.96087,0.729362,2.93782,4.09351
3.84394,3.80516,2.20933,-0.215839,-2.55451,-3.95102,-3.65555,-2.10173,0.475158,2.71188,3.94284
3.64841,3.76274,2.3155,0.0432695,-2.30721,-3.74464,-3.63855,-2.21761,0.212649,2.46138,3.75561
3.41867,3.6822,2.40153,0.300468,-2.03762,-3.50057,-3.58944,-2.30885,-0.054291,2.18758,3.53444
3.15667,3.56395,2.46753,0.55188,-1.74666,-3.22296,-3.5069,-2.37631,-0.321541,1.89193,3.28206
2.86462,3.409,2.51352,0.793944,-1.43564,-2.91624,-3.38983,-2.42121,-0.584917,1.57617,3.00124
2.54499,3.21889,2.5394,1.02356,-1.10632,-2.58494,-3.23754,-2.44493,-0.840364,1.24245,2.69471
2.20051,2.99574,2.54486,1.23818,-0.761106,-2.23346,-3.04998,-2.44882,-1.08413,0.893335,2.36517
1.83416,2.74216,2.52943,1.43589,-0.403027,-1.86598,-2.8278,-2.43407,-1.31294,0.531874,2.01525
1.4492,2.46123,2.49249,1.6154,-0.0357693,-1.48626,-2.57252,-2.40156,-1.52408,0.161588,1.64757
1.04916,2.15635,2.43337,1.77602,0.336388,-1.09765,-2.28656,-2.3518,-1.71549,-0.213572,1.26479
0.637806,1.8312,2.35144,1.91754,0.708682,-0.703054,-1.97316,-2.28492,-1.88577,-0.589308,0.869633
0.219125,1.48962,2.24622,2.04014,1.07602,-0.305001,-1.63636,-2.20068,-2.03414,-0.961077,0.46498
-0.202717,1.13549,2.1175,2.14423,1.43319,0.0942652,-1.28084,-2.0986,-2.16038,-1.32423,0.0539226
-0.623426,0.772665,1.96545,2.23031,1.77502,0.492648,-0.911706,-1.97806,-2.2647,-1.67415,-0.3602
-1.03864,0.404877,1.79075,2.2988,2.09666,0.888052,-0.534323,-1.83848,-2.34759,-2.0064,-0.773773
-1.44401,0.0356817,1.59462,2.34996,2.39373,1.27824,-0.154054,-1.67949,-2.40974,-2.3169,-1.18291
-1.83524,-0.331579,1.37886,2.38375,2.66249,1.66069,0.223941,-1.50109,-2.45178,-2.60197,-1.58349
-2.20822,-0.693791,1.14589,2.39981,2.9,2.03252,0.594897,-1.30379,-2.47428,-2.85852,-1.97122
-2.55904,-1.04806,0.898608,2.39746,3.10411,2.39043,0.954598,-1.0887,-2.47759,-3.08402,-2.34168
-2.8841,-1.3917,0.640397,2.37578,3.27355,2.73072,1.29947,-0.857644,-2.46179,-3.27659,-2.69051
-3.18014,-1.72216,0.374942,2.33364,3.40781,3.04931,1.62662,-0.613084,-2.42673,-3.43496,-3.01345
-3.44428,-2.03701,0.106108,2.26992,3.5071,3.34192,1.93382,-0.358122,-2.37199,-3.55842,-3.30651
-3.67408,-2.3339,-0.16222,2.18356,3.57215,3.60419,2.21944,-0.096371,-2.29706,-3.64677,-3.56608
-3.86753,-2.61049,-0.426299,2.07384,3.60409,3.83186,2.48233,0.16819,-2.20135,-3.7002,-3.78903
-4.02307,-2.86444,-0.682663,1.94044,3.60422,4.02103,2.72168,0.431399,-2.08439,-3.7192,-3.97281
-4.13955,-3.09342,-0.928253,1.78362,3.57391,4.1683,2.93683,0.689103,-1.94591,-3.70448,-4.11549
-4.21624,-3.29507,-1.1605,1.6043,3.5144,4.27099,3.12717,0.937351,-1.78604,-3.65686,-4.21581
-4.25278,-3.4671,-1.37735,1.40412,3.42673,4.32729,3.29197,1.17257,-1.60536,-3.57722,-4.27316
-4.24917,-3.6073,-1.57732,1.1854,3.31167,4.33632,3.4303,1.39172,-1.40499,-3.46642,-4.28757
-4.20572,-3.7136,-1.7594,0.951149,3.16971,4.29822,3.54099,1.59235,-1.18667,-3.32535,-4.25963
-4.12302,-3.78421,-1.92301,0.704886,3.00114,4.21408,3.62259,1.77271,-0.952723,-3.15487,-4.19044
-4.00192,-3.81765,-2.06791,0.450525,2.80613,4.08589,3.67346,1.9317,-0.705997,-2.95591,-4.08149
-3.84356,-3.81287,-2.19404,0.19219,2.58484,3.91638,3.69188,2.06881,-0.449804,-2.72949,-3.93461
-3.64926,-3.76932,-2.30143,-0.0659893,2.33765,3.70888,3.67616,2.18406,-0.187778,-2.47685,-3.75183
-3.42064,-3.687,-2.39008,-0.320062,2.06526,3.46711,3.62481,2.27783,0.0762695,-2.19945,-3.53536
-3.15955,-3.56651,-2.45986,-0.566437,1.76885,3.19496,3.53672,2.35074,0.338506,-1.8991,-3.28748
-2.86812,-3.40907,-2.51043,-0.802024,1.45025,2.89634,3.41133,2.40347,0.59524,-1.57802,-3.01054
-2.54875,-3.21649,-2.54124,-1.02433,1.11196,2.57499,3.24877,2.43667,0.843063,-1.23885,-2.70693
-2.20413,-2.99111,-2.55149,-1.23152,0.757242,2.23437,3.04993,2.45078,1.07896,-0.884702,-2.37907
-1.83729,-2.73579,-2.54025,-1.42238,0.390029,1.87759,2.81655,2.44603,1.30042,-0.519093,-2.02947
-1.45154,-2.45376,-2.50649,-1.59628,0.0148854,1.50743,2.5512,2.42236,1.50541,-0.145937,-1.66075
-1.05047,-2.14855,-2.44922,-1.75307,-0.363154,1.1263,2.25722,2.37945,1.69248,0.230552,-1.27567
-0.637961,-1.82388,-2.36762,-1.89292,-0.738764,0.736426,1.93861,2.31678,1.86063,0.605961,-0.87722
-0.218123,-1.48352,-2.26115,-2.01619,-1.10654,0.339884,1.59989,2.23374,2.00929,0.97579,-0.468604
0.204764,-1.13125,-2.12972,-2.12322,-1.4612,-0.0612095,1.24588,2.12975,2.13819,1.33559,-0.0533079
0.626297,-0.770747,-1.97375,-2.21426,-1.79785,-0.464571,0.881542,2.00438,2.24729,1.68107,0.364916
1.04203,-0.405504,-1.79428,-2.28925,-2.11212,-0.867619,0.511749,1.85753,2.33664,2.00825,0.782057
1.44756,-0.0388258,-1.593,-2.34783,-2.40033,-1.26737,0.141136,1.68953,2.40627,2.3135,1.19389
1.83858,0.326197,-1.37219,-2.38927,-2.65959,-1.6604,-0.226061,1.50121,2.45614,2.59369,1.59605
2.21098,0.686679,-1.13475,-2.41248,-2.88786,-2.04281,-0.586107,1.29405,2.48605,2.84616,1.98408
2.56093,1.03991,-0.884043,-2.4161,-3.0839,-2.41028,-0.935815,1.07008,2.49566,3.06879,2.35357
2.8849,1.3833,-0.623764,-2.39862,-3.24718,-2.7582,-1.27255,0.831944,2.48445,3.25997,2.70026
3.17973,1.71435,-0.357816,-2.35852,-3.37781,-3.08178,-1.59417,0.582773,2.45183,3.41855,3.0201
3.44268,2.03058,-0.0901236,-2.29446,-3.47633,-3.37628,-1.89897,0.326086,2.39718,3.5438,3.30943
3.67143,2.32952,0.175527,-2.20544,-3.54355,-3.63715,-2.18551,0.0656394,2.31996,3.63534,3.56499
3.86408,2.60863,0.435637,-2.09096,-3.58039,-3.8603,-2.45253,-0.194729,2.21982,3.69304,3.78405
4.01914,2.86534,0.687113,-1.95116,-3.58769,-4.04224,-2.6988,-0.451271,2.0967,3.717,3.96445
4.13552,3.09704,0.927358,-1.7869,-3.56615,-4.18028,-2.92299,-0.700477,1.95093,3.70744,4.10457
4.21252,3.30112,1.15431,-1.59982,-3.51615,-4.27264,-3.12362,-0.939213,1.78331,3.6647,4.20341
