TimeStep,Vn[1],Vn[2],Vn[3],Vn[4],Vn[5],Vn[6],Vn[7],Vn[8],Vn[9],Vn[10],Vn[11]
1,0.00944893,0,0,0,0,0,0,0,0,0,0
2,0.0477734,0.00236223,0,0,0,0,0,0,0,0,0
3,0.158799,0.0154867,0.000590558,0,0,0,0,0,0,0,0
4,0.306773,0.0607152,0.00475751,0.00014764,0,0,0,0,0,0,0
5,0.267441,0.153469,0.0217614,0.00141084,3.69099e-05,0,0,0,0,0,0
6,-0.0943803,0.241789,0.0666045,0.0074182,0.000408074,9.22747e-06,0,0,0,0,0
7,-0.414276,0.20227,0.140447,0.0264696,0.00243206,0.00011586,2.30687e-06,0,0,0,0
8,-0.302394,-0.00684058,0.201251,0.068006,0.00988638,0.000773153,3.24252e-05,5.76717e-07,0,0,0
9,-0.00186674,-0.237817,0.176721,0.128324,0.0295923,0.00352357,0.000239764,8.97139e-06,1.44179e-07,0,0
10,0.088164,-0.306171,0.036457,0.176058,0.0674639,0.0119702,0.00121036,7.28573e-05,2.45912e-06,3.60448e-08,0
11,-0.00474406,-0.190285,-0.154564,0.161743,0.118611,0.0316003,0.00458654,0.000403518,2.17678e-05,6.68846e-07,1.80224e-08
12,-0.0684284,-0.0190828,-0.275438,0.0575688,0.158788,0.0662296,0.0136704,0.0016845,0.000131239,6.41369e-06,3.55449e-07
13,-0.0387872,0.075694,-0.248972,-0.104553,0.150521,0.110859,0.0328976,0.00557364,0.000597819,4.18504e-05,3.60952e-06
14,0.0189935,0.060684,-0.105234,-0.239011,0.0685699,0.145913,0.064784,0.0150498,0.00216936,0.000206719,2.48993e-05
15,0.0398769,-0.00622812,0.0465387,-0.263129,-0.0709405,0.141349,0.104519,0.0337394,0.00647036,0.000816794,0.000130002
16,0.0168261,-0.0484223,0.107703,-0.161784,-0.205426,0.0745057,0.135767,0.0633067,0.0161752,0.00266856,0.000543467
17,-0.015798,-0.0352731,0.0624643,-0.00397704,-0.259017,-0.0470055,0.133584,0.0992062,0.0342863,0.00736572,0.00188166
18,-0.0255355,0.00717927,-0.0238191,0.10668,-0.195846,-0.176372,0.0776597,0.12747,0.0618972,0.017422,0.00551582
19,-0.00917814,0.0337033,-0.0697282,0.109081,-0.0521749,-0.247099,-0.0293202,0.126888,0.0947826,0.0356206,0.0138917
20,0.0122626,0.0236491,-0.0450771,0.0264652,0.0830791,-0.214651,-0.151693,0.0792279,0.120904,0.0631774,0.03034
21,0.0179558,-0.00643328,0.0146411,-0.0598823,0.129747,-0.0920301,-0.232075,-0.0157437,0.122175,0.0969565,0.0577243
22,0.00576128,-0.0251498,0.0504598,-0.0801916,0.0735636,0.0510237,-0.223363,-0.130319,0.0826611,0.127232,0.0955965
23,-0.00969426,-0.0172362,0.0347133,-0.0293992,-0.0266938,0.131116,-0.122793,-0.214909,0.00104555,0.138456,0.136662
24,-0.0134652,0.00555034,-0.0100487,0.0380976,-0.0881751,0.108278,0.0182247,-0.222483,-0.100206,0.114879,0.164937
25,-0.00395743,0.0196832,-0.0388743,0.0619897,-0.0689749,0.0138141,0.121579,-0.13931,-0.178256,0.050045,0.158757
26,0.00786288,0.0132665,-0.0278446,0.0279246,0.00366377,-0.0744061,0.13277,-0.000651149,-0.189494,-0.0446861,0.100281
27,0.0105647,-0.00477886,0.00740521,-0.0261479,0.0628501,-0.0913149,0.0588116,0.124152,-0.117319,-0.139377,-0.0111861
28,0.00289292,-0.0159423,0.0312207,-0.0495827,0.0612457,-0.0321508,-0.0363433,0.172252,0.0097089,-0.196506,-0.149593
29,-0.00652471,-0.0106062,0.0230446,-0.0251095,0.00858508,0.0493144,-0.0783012,0.127568,0.125819,-0.190353,-0.265321
30,-0.00856546,0.00416297,-0.00558275,0.0198259,-0.0423169,0.0886933,-0.0368878,0.030979,0.163323,-0.123899,-0.304989
31,-0.00220125,0.0133136,-0.0254215,0.0428734,-0.0449306,0.0639244,0.0528875,-0.0494907,0.095936,-0.0309119,-0.240889
32,0.00555619,0.00890178,-0.0185028,0.0268962,0.00162038,0.00918249,0.119827,-0.0680091,-0.0395199,0.0412928,-0.0931672
33,0.00722898,-0.00319761,0.00661685,-0.00674969,0.0563809,-0.0197887,0.112147,-0.0324461,-0.161895,0.0596793,0.072544
34,0.00201569,-0.0102367,0.0259412,-0.0212713,0.0763164,0.00326646,0.0353345,0.006903,-0.196514,0.0258885,0.176586
35,-0.00411052,-0.00516826,0.024418,0.000407127,0.0535924,0.0526011,-0.056603,0.00250568,-0.124679,-0.0258287,0.170598
36,-0.00463939,0.00756121,0.00949547,0.0413846,0.0173244,0.0748825,-0.106462,-0.0484649,0.00366566,-0.0531516,0.0683931
37,0.00146091,0.0177241,0.00206166,0.0683747,0.00146087,0.0374382,-0.096486,-0.100902,0.104773,-0.035884,-0.060516
38,0.0095925,0.0199056,0.0151217,0.0620581,0.0113202,-0.0424815,-0.0541327,-0.100817,0.119297,0.0103899,-0.134139
39,0.014749,0.0183128,0.0411119,0.0313229,0.0204136,-0.111864,-0.0205376,-0.0340317,0.0515661,0.0477582,-0.110957
40,0.0165309,0.0215289,0.058955,0.000307641,-0.000835001,-0.125345,-0.0131475,0.0575262,-0.0385163,0.0463997,-0.0161445
41,0.0190299,0.032852,0.0527798,-0.0163315,-0.0529254,-0.0796493,-0.0161383,0.107405,-0.0833591,0.00817611,0.0783359
42,0.025941,0.0457015,0.0243448,-0.0248413,-0.102548,-0.0113951,-0.00412107,0.078707,-0.0576271,-0.0353913,0.106243
43,0.0358212,0.0482717,-0.0110475,-0.0404813,-0.109956,0.0358894,0.0267847,-0.00478155,0.00774745,-0.0491091,0.0540306
44,0.0420465,0.0328995,-0.0389685,-0.0661316,-0.0635339,0.0444363,0.0520751,-0.0772463,0.0557756,-0.0228278,-0.0323476
45,0.037473,0.00184701,-0.0557132,-0.0843417,0.00923151,0.0279004,0.0431254,-0.0841253,0.0508974,0.0207244,-0.0851731
46,0.01966,-0.034689,-0.065225,-0.0720013,0.0632708,0.0105035,-0.00144315,-0.0254359,0.00472028,0.0453454,-0.0674414
47,-0.00751451,-0.0652718,-0.0687969,-0.0241489,0.0703002,0.00331176,-0.0490233,0.0467908,-0.0388396,0.0316135,0.00077315
48,-0.0363932,-0.0822965,-0.0603255,0.0361538,0.0369703,-0.00021661,-0.0595661,0.0736563,-0.0433786,-0.00744177,0.0616697
49,-0.0593448,-0.0823526,-0.033227,0.0725409,-0.00586052,-0.00928563,-0.021966,0.0379575,-0.00967467,-0.0382034,0.0677117
50,-0.0708487,-0.0643754,0.008032,0.0628855,-0.0299473,-0.0206685,0.0337851,-0.0246302,0.0288051,-0.0353541,0.0187821
51,-0.0676121,-0.0299147,0.0449026,0.0163086,-0.0285061,-0.0207576,0.061319,-0.0592553,0.0378863,-0.00293091,-0.0409057
52,-0.0487634,0.013826,0.0559203,-0.0343235,-0.0139241,-0.00226472,0.0381901,-0.0394514,0.0124778,0.0302029,-0.0617102
53,-0.0174687,0.052443,0.0338536,-0.0572948,-0.00152713,0.023427,-0.0144628,0.0127452,-0.0214818,0.0359271,-0.0296233
54,0.0174872,0.0689346,-0.0063529,-0.0435371,0.00316648,0.0334078,-0.0508413,0.049583,-0.0325323,0.0109115,0.0245431
55,0.0432109,0.0537426,-0.0370336,-0.00880747,0.00374453,0.0147659,-0.0410514,0.0407859,-0.0121931,-0.0215571,0.0538383
56,0.0484767,0.0132235,-0.0379637,0.0220036,0.00393993,-0.0205856,0.0031521,-0.00171526,0.0190499,-0.0328359,0.0356707
57,0.0308501,-0.031279,-0.0111051,0.033307,0.00251988,-0.0438713,0.0402044,-0.0378083,0.0321301,-0.0140166,-0.0106944
58,-0.000214432,-0.0552058,0.0218129,0.0258105,-0.00280119,-0.0345403,0.0367345,-0.0369136,0.0161891,0.0171699,-0.0432655
59,-0.0277101,-0.04613,0.0364757,0.0101617,-0.00890411,0.000544163,-0.00296603,-0.00433116,-0.0127824,0.0330024,-0.0347619
60,-0.0369201,-0.0117979,0.0239086,-0.003675,-0.00787851,0.032389,-0.0421303,0.0264797,-0.0281949,0.0204476,0.00478936
61,-0.024359,0.0251804,-0.00448106,-0.0116667,0.00426486,0.0355372,-0.0455123,0.0264695,-0.0177781,-0.00818237,0.038986
62,0.000410689,0.0423584,-0.0272518,-0.0138791,0.0202434,0.0106049,-0.0106364,-0.00259813,0.00609954,-0.0274192,0.0381995
63,0.0213845,0.031647,-0.0292768,-0.0109041,0.0252817,-0.0172281,0.0315593,-0.0315009,0.019423,-0.0218717,0.00486588
64,0.0265158,0.00313899,-0.0114777,-0.00347575,0.0106461,-0.0222368,0.0457932,-0.0319076,0.00969189,0.000683952,-0.0307253
65,0.0148274,-0.023179,0.0119761,0.00548254,-0.0157407,-0.00201726,0.0235943,-0.00248924,-0.0126911,0.0176392,-0.0387482
66,-0.00417579,-0.0312066,0.0250177,0.0107584,-0.0333908,0.0211743,-0.0115283,0.0308995,-0.0249411,0.0129151,-0.015903
67,-0.0176912,-0.0184204,0.0204384,0.00856179,-0.0263623,0.0225489,-0.0278683,0.0397212,-0.0137668,-0.00847765,0.0137361
68,-0.0180558,0.00426275,0.00317529,0.0006033,0.00162498,-0.000908564,-0.0147067,0.0182735,0.0121017,-0.0256392,0.0223887
69,-0.00689652,0.0210944,-0.014459,-0.00645677,0.0287235,-0.0271822,0.0101496,-0.0129622,0.0300779,-0.0213586,0.00414308
70,0.00709895,0.02204,-0.0212044,-0.00672233,0.0330505,-0.0301465,0.0198949,-0.0276599,0.024435,0.00215658,-0.0207715
71,0.0145695,0.00843923,-0.0135181,-0.000665181,0.0116351,-0.00480114,0.00524118,-0.0174452,0.000198744,0.0255094,-0.0259172
72,0.0115044,-0.00911832,0.00287068,0.0052538,-0.0169645,0.0271638,-0.0175947,0.00285213,-0.0221209,0.0296778,-0.00363435
73,0.00119302,-0.018523,0.016858,0.00502243,-0.0289774,0.0369071,-0.0241293,0.0117945,-0.0252475,0.0125686,0.0278769
74,-0.00866497,-0.0141534,0.0190412,-0.000749997,-0.0160192,0.0149201,-0.00642379,0.0024954,-0.00965968,-0.0101676,0.0412303
75,-0.0114092,-0.000113014,0.00797797,-0.00539194,0.00849107,-0.0201376,0.0188475,-0.0120722,0.00883999,-0.0199273,0.0244336
76,-0.00576109,0.013126,-0.0084505,-0.00322065,0.0223734,-0.038292,0.0266425,-0.0136819,0.0149198,-0.011405,-0.00894465
77,0.00368247,0.0162492,-0.0181774,0.0040417,0.014691,-0.0250463,0.00812284,0.00193994,0.00726793,0.0043136,-0.032427
78,0.00996582,0.00762399,-0.0137428,0.00841159,-0.00558817,0.00642594,-0.0202348,0.0204395,-0.00245448,0.0115856,-0.0297116
79,0.00879491,-0.00575743,0.00157201,0.00374294,-0.0193638,0.0282295,-0.0317587,0.023047,-0.00294337,0.00502332,-0.00725272
80,0.00151874,-0.0136684,0.0155972,-0.00724514,-0.0154645,0.0231376,-0.0145841,0.00545546,0.00505701,-0.00659967,0.0138579
81,-0.00607484,-0.0104662,0.0165954,-0.0145775,0.000140248,-0.00103519,0.0170308,-0.0172456,0.0102428,-0.0101941,0.0177028
82,-0.00827052,0.000599272,0.00303503,-0.0104371,0.0117717,-0.0203976,0.0355601,-0.0245055,0.00344732,-0.00170506,0.00631768
83,-0.00383562,0.0100562,-0.0145024,0.00262345,0.00980857,-0.0177283,0.0250836,-0.00976072,-0.0116245,0.0100778,-0.00528379
84,0.0031103,0.00990058,-0.0216187,0.0131988,-0.000835037,0.00252821,-0.00480694,0.0132292,-0.0208048,0.0125946,-0.00533734
85,0.00650544,0.000167545,-0.0121508,0.0115614,-0.00712936,0.0201101,-0.0283547,0.0232015,-0.0131267,0.00227865,0.00359295
86,0.00333649,-0.0110606,0.00632475,-0.000676783,-0.00194112,0.018766,-0.0268972,0.0112028,0.00748472,-0.0115601,0.00888932
87,-0.00386205,-0.0143431,0.0187035,-0.0114807,0.00873999,0.000829264,-0.0044989,-0.0112505,0.0242645,-0.0155253,0.00219553
88,-0.00910258,-0.00674372,0.0152746,-0.00968333,0.0123882,-0.0164618,0.0175435,-0.0231371,0.0222181,-0.00511283,-0.0111274
89,-0.00792315,0.00577055,0.000101627,0.00387138,0.0033061,-0.0180391,0.0209145,-0.0135148,0.00200013,0.0106287,-0.0170021
90,-0.0010763,0.0134442,-0.0127117,0.0163423,-0.010971,-0.00454162,0.00593971,0.0085936,-0.0199394,0.0173054,-0.00710314
91,0.00618393,0.0109487,-0.0117225,0.0147214,-0.0168124,0.0099688,-0.0109919,0.0229053,-0.0254345,0.00856876,0.0117004
92,0.00856632,0.00159423,0.00154542,-0.00139392,-0.00807509,0.0125437,-0.0142091,0.0166577,-0.0103438,-0.00788577,0.0226703
93,0.00508027,-0.00602942,0.0140907,-0.0184447,0.00748727,0.00327576,-0.00302133,-0.00405694,0.0121117,-0.0173158,0.0147055
94,-0.000474576,-0.00584561,0.0134722,-0.0208787,0.0155137,-0.00651361,0.00948178,-0.0204705,0.0231682,-0.0113836,-0.00661499
95,-0.00316009,0.000510405,-0.000563582,-0.00562682,0.00893527,-0.0067973,0.010498,-0.0184863,0.0146771,0.0043787,-0.023213
96,-0.00132484,0.0056803,-0.0155966,0.0145314,-0.00521686,0.00117598,-5.57241e-05,-0.000965187,-0.0046795,0.0158177,-0.0204825
97,0.00217773,0.00377967,-0.0177784,0.0222205,-0.0128337,0.00724312,-0.0105289,0.0158547,-0.0179832,0.0130573,-0.000512039
98,0.0029787,-0.00391097,-0.00457099,0.0111464,-0.00666782,0.00384805,-0.0099631,0.0176192,-0.0150673,-0.000855495,0.0195863
99,-0.000466134,-0.0100442,0.0127308,-0.00831069,0.0065806,-0.00562877,0.000951024,0.00431654,-0.000426821,-0.0132108,0.0227642
100,-0.00525517,-0.00808916,0.0190785,-0.0187845,0.0130539,-0.0104083,0.0110616,-0.0110134,0.0122035,-0.0133764,0.00689536
101,-0.00667216,0.00136629,0.00916849,-0.011833,0.00570197,-0.00395482,0.0102859,-0.0150203,0.0126346,-0.00207906,-0.0138198
102,-0.00265294,0.0107627,-0.00794244,0.00475261,-0.00844786,0.00847304,-0.000376479,-0.00578698,0.0024736,0.00996153,-0.0217595
103,0.00405487,0.0121289,-0.0172033,0.0148644,-0.0150674,0.0144583,-0.0101791,0.00686414,-0.0078806,0.0121999,-0.0111921
104,0.00809187,0.00414353,-0.0111142,0.00947628,-0.0068225,0.00690279,-0.0095616,0.0115683,-0.00952849,0.0035701,0.00754878
105,0.0061177,-0.00666917,0.00393692,-0.00513414,0.00892837,-0.00820015,0.000454485,0.00571572,-0.00262755,-0.00733966,0.0180534
106,-0.000275736,-0.0116336,0.0140688,-0.0139612,0.0168815,-0.0168573,0.00962222,-0.00353794,0.00518119,-0.0107231,0.0123599
107,-0.00595469,-0.00733302,0.0107676,-0.00807004,0.00868924,-0.0104599,0.00888004,-0.00732178,0.00683406,-0.00435975,-0.00297723
108,-0.00664385,0.00183733,-0.00176821,0.00672031,-0.0084801,0.00555981,-0.000747569,-0.0035162,0.00214953,0.00514771,-0.0138933
109,-0.00240326,0.007986,-0.0112805,0.0155884,-0.0183394,0.0164927,-0.0094905,0.00239796,-0.0032019,0.00914538,-0.0116501
110,0.00279137,0.00672074,-0.00925888,0.00925737,-0.0110087,0.0122217,-0.00876551,0.00394005,-0.00406654,0.00485735,0.000243041
111,0.00475605,0.000478227,0.00138666,-0.00676925,0.00719614,-0.00310362,0.000382668,0.000304098,-0.000698556,-0.00281523,0.010479
112,0.00261714,-0.00446772,0.00976612,-0.0172655,0.0193346,-0.0149825,0.00863964,-0.00356288,0.00239092,-0.00663509,0.0106558
113,-0.000925288,-0.00408398,0.0078292,-0.0118539,0.0137438,-0.0123765,0.00794045,-0.00289077,0.00173545,-0.00387571,0.00212828
114,-0.00250464,6.77176e-05,-0.00200678,0.00487799,-0.00477649,0.00183879,-0.000545774,0.00164569,-0.00147937,0.00178745,-0.00655876
115,-0.00121846,0.00305771,-0.00960295,0.017475,-0.0192294,0.0138041,-0.00788799,0.00485302,-0.00309622,0.00454735,-0.00817701
116,0.000919623,0.00181349,-0.00726446,0.0141265,-0.0162478,0.012088,-0.00662193,0.00288779,-0.000814862,0.00221527,-0.00289366
117,0.00136656,-0.00192368,0.00269126,-0.00216336,0.00141133,-0.00138949,0.00169905,-0.00238054,0.00314969,-0.00215157,0.00318304
118,-0.000278562,-0.00368455,0.0102796,-0.0163459,0.0174766,-0.0133947,0.008228,-0.00524641,0.00440637,-0.00385945,0.00456686
119,-0.00198156,-0.00110289,0.00772051,-0.0154164,0.0173684,-0.0122764,0.00598268,-0.00233049,0.0011834,-0.0013943,0.00127626
120,-0.00154223,0.00346495,-0.00282866,-0.000506535,0.0016528,0.000817875,-0.00290569,0.0035422,-0.00356247,0.00238292,-0.00225276
121,0.000961363,0.0052076,-0.0112239,0.0143627,-0.0148113,0.01319,-0.0092512,0.00602675,-0.00504582,0.00351487,-0.00228759
122,0.00308448,0.00178082,-0.00911461,0.0155417,-0.0169817,0.0129514,-0.00616693,0.00192367,-0.00162086,0.00105604,0.000590416
123,0.00243265,-0.00404391,0.00188261,0.00242586,-0.00353786,0.000450041,0.00371958,-0.0050882,0.00335946,-0.00218843,0.0027419
124,-0.000805629,-0.00676786,0.011534,-0.0123168,0.0123938,-0.0122309,0.0105868,-0.0077862,0.00484089,-0.00281334,0.00171106
125,-0.00378675,-0.00342579,0.0106473,-0.014919,0.0159917,-0.0130513,0.00715628,-0.00273419,0.00125199,-0.000393595,-0.00123837
126,-0.00360627,0.0033443,-0.000149335,-0.00340204,0.00460113,-0.00155902,-0.00379872,0.00578698,-0.00374485,0.00222636,-0.00278227
127,-0.000130985,0.00750334,-0.0108857,0.0109289,-0.0103303,0.0109134,-0.0117974,0.00952877,-0.00486594,0.00210135,-0.00130722
128,0.00368618,0.00515655,-0.0115711,0.0144914,-0.014636,0.0123972,-0.00878679,0.00434035,-0.000646523,-0.000617624,0.00138043
129,0.00442136,-0.00173977,-0.00155903,0.00425644,-0.00490153,0.00182669,0.00280156,-0.00537658,0.00482683,-0.00284431,0.00217317
130,0.0013408,-0.00705061,0.00986177,-0.0097219,0.00880446,-0.0101821,0.0121017,-0.0104981,0.00583155,-0.00189884,0.000192923
131,-0.00285491,-0.00603551,0.0121585,-0.0141727,0.0131322,-0.0118734,0.0101809,-0.00588729,0.000821257,0.00150217,-0.00217312
132,-0.00444521,0.000323259,0.003324,-0.00521451,0.00438233,-0.00179964,-0.00127052,0.00441771,-0.00569595,0.00381413,-0.00191284
133,-0.00206097,0.00624009,-0.00839537,0.00827755,-0.00831225,0.00995185,-0.0114321,0.0107722,-0.00730722,0.00231682,0.00112417
134,0.00208956,0.0064228,-0.0122876,0.0134539,-0.0122934,0.0117913,-0.0106967,0.00705581,-0.00199261,-0.00188465,0.00374517
135,0.00425618,0.000844582,-0.0050669,0.0057581,-0.00381646,0.00198763,9.89336e-05,-0.00336084,0.00561109,-0.00470567,0.00267759
136,0.00255038,-0.0053586,0.00633795,-0.00703762,0.00850509,-0.00973926,0.0105018,-0.0106696,0.00839262,-0.00310168,-0.00172576
137,-0.00140411,-0.00666041,0.0114748,-0.0126038,0.0123799,-0.0118448,0.0105515,-0.00791991,0.00353503,0.00171986,-0.00534928
138,-0.00403226,-0.00211434,0.00605816,-0.00590438,0.00395258,-0.00229512,0.000384303,0.00231132,-0.00464009,0.00522791,-0.00423039
139,-0.0030733,0.00399537,-0.00439221,0.00624989,-0.00850088,0.00948636,-0.00997099,0.010323,-0.00861035,0.00390438,0.00124469
140,0.000461037,0.00624102,-0.0100852,0.0120559,-0.0127698,0.0119067,-0.0103885,0.00852777,-0.0047186,-0.00121275,0.00622459
141,0.00335103,0.00296013,-0.00616129,0.00612028,-0.00466322,0.0025841,-0.000503081,-0.00130806,0.0033612,-0.00534702,0.00582585
142,0.00315558,-0.00250339,0.00311333,-0.00558166,0.00795111,-0.00932211,0.00995284,-0.00977533,0.00809663,-0.00451101,-2.64064e-05
143,0.000326094,-0.00514799,0.00881002,-0.0117267,0.0128639,-0.0120913,0.010658,-0.00884257,0.00521217,0.000598058,-0.00617021
144,-0.00241095,-0.00293457,0.00588304,-0.00658984,0.00539031,-0.00293433,0.00080067,0.000479015,-0.00233951,0.00516858,-0.00688195
145,-0.00267276,0.00161416,-0.00236656,0.00466024,-0.00715951,0.00923753,-0.0100708,0.00917638,-0.00730953,0.00484945,-0.00133117
146,-0.000529296,0.00409598,-0.00786428,0.0111987,-0.0126551,0.012483,-0.0113034,0.00894047,-0.00511833,-5.45799e-05,0.00545966
147,0.00178334,0.00243142,-0.0056062,0.00700792,-0.00590276,0.00349741,-0.00152842,0.000128893,0.00185351,-0.00484599,0.00722976
148,0.00210738,-0.00140457,0.00181482,-0.00356403,0.00642733,-0.00909473,0.00991735,-0.00866586,0.00671932,-0.00494359,0.00237195
149,0.000351403,-0.00355773,0.00708628,-0.0102934,0.0123791,-0.0130533,0.0119643,-0.00896851,0.00482311,-0.000296574,-0.00452436
150,-0.00160316,-0.00207259,0.0053518,-0.00700978,0.00630457,-0.00439943,0.00252363,-0.000590056,-0.00180093,0.00457342,-0.00700801
151,-0.00183788,0.00138599,-0.00132916,0.00269285,-0.00577451,0.00866124,-0.00942622,0.0082641,-0.00652866,0.00495447,-0.00287306
152,-0.000225942,0.00335983,-0.00632584,0.00927314,-0.0121278,0.0135911,-0.0124316,0.00899749,-0.00468742,0.00050785,0.00379733
153,0.00156694,0.0020158,-0.00500135,0.00660345,-0.00670114,0.00558556,-0.00357407,0.000952368,0.00187386,-0.00441521,0.00659952
154,0.00179137,-0.00119473,0.000978623,-0.00229359,0.00512335,-0.00778157,0.008705,-0.00799399,0.00663251,-0.00501232,0.00296028
155,0.000298321,-0.00311539,0.00559721,-0.00851834,0.0118674,-0.0138008,0.0126877,-0.00910898,0.00482332,-0.000705076,-0.00345218
156,-0.00140854,-0.00200448,0.00450875,-0.00611778,0.00709792,-0.00678091,0.00459908,-0.00129172,-0.00185104,0.00429749,-0.0063536
157,-0.00170651,0.000883726,-0.000864645,0.00224334,-0.00444516,0.00655372,-0.00780723,0.0078584,-0.00684844,0.00510015,-0.00296234
158,-0.000411392,0.00268728,-0.00502395,0.00815534,-0.0115664,0.0135484,-0.0127069,0.00941541,-0.00518198,0.000900045,0.00332975
159,0.00113795,0.00178836,-0.00396062,0.00584208,-0.00747851,0.00770053,-0.00551216,0.0017925,0.00165433,-0.00421314,0.00630963
160,0.00146315,-0.00071041,0.000990624,-0.002252,0.00373429,-0.00524525,0.00681191,-0.00769112,0.00705832,-0.00522877,0.00303482
161,0.000376372,-0.00224053,0.00470596,-0.00803886,0.0112056,-0.0129319,0.0124959,-0.00986162,0.00570317,-0.00110673,-0.00328018
162,-0.00093208,-0.00137981,0.00349846,-0.00582838,0.00783148,-0.00822714,0.00623362,-0.00255154,-0.00124565,0.00417443,-0.00640345
163,-0.00115594,0.00081242,-0.00126031,0.00212877,-0.00297229,0.00410741,-0.00584017,0.00728131,-0.00716592,0.0054561,-0.00319669
164,-0.000171761,0.00199437,-0.00465363,0.00796339,-0.0107309,0.0121851,-0.0121467,0.010222,-0.00631888,0.00141906,0.00326754
165,0.000911306,0.000972791,-0.0032307,0.00597018,-0.00808689,0.00845091,-0.00677809,0.00343526,0.000597859,-0.00409034,0.00665279
166,0.000942048,-0.00111503,0.00154333,-0.00183751,0.00220582,-0.00322502,0.0049511,-0.00661414,0.0070519,-0.00574191,0.00353806
167,-8.64925e-05,-0.002024,0.00480755,-0.00778916,0.01013,-0.0114992,0.011745,-0.0103557,0.00689098,-0.00187504,-0.00317842
168,-0.00105524,-0.000740697,0.00321471,-0.00611185,0.00816707,-0.00855507,0.00720259,-0.00426046,0.000226875,0.0038575,-0.00700437
169,-0.000897971,0.00145282,-0.00169862,0.00146683,-0.00154611,0.00250903,-0.00414495,0.0058224,-0.0066514,0.00596691,-0.00412408
170,0.000277424,0.00227078,-0.00503273,0.00750091,-0.00949227,0.0108958,-0.0113372,0.010295,-0.00725665,0.00239899,0.00284161
171,0.0012741,0.000764522,-0.00340755,0.00615329,-0.0080931,0.00862738,-0.00756308,0.00497161,-0.00106008,-0.00347218,0.0072641
172,0.00101931,-0.00165736,0.00165085,-0.00114615,0.00104779,-0.00186882,0.00339228,-0.00499335,0.00604138,-0.00605626,0.00484428
173,-0.000319023,-0.00258302,0.00518296,-0.00719785,0.00891104,-0.0103206,0.010936,-0.0101032,0.00735976,-0.00289079,-0.0022192
174,-0.00145102,-0.00100118,0.00367836,-0.00612712,0.00793916,-0.00865032,0.00790571,-0.00558755,0.00174975,0.00300521,-0.00726398
175,-0.0012261,0.00163808,-0.00144749,0.000911542,-0.000696657,0.00130633,-0.00263687,0.00413576,-0.00538072,0.00602005,-0.00549257
176,0.000205987,0.0027899,-0.00521219,0.0069584,-0.00842968,0.00977643,-0.0105005,0.0097868,-0.00728188,0.00330654,0.00144468
177,0.00149794,0.00129522,-0.00393372,0.00611559,-0.00776416,0.00862578,-0.00822306,0.00609884,-0.00226876,-0.00251954,0.00700044
178,0.00139658,-0.00145601,0.00116431,-0.000709483,0.000468788,-0.000834569,0.00184706,-0.00326149,0.00477356,-0.00590293,0.00594429
179,-2.97123e-05,-0.00283901,0.00513882,-0.00677154,0.00808133,-0.00929867,0.00996963,-0.00933592,0.007138,-0.00365539,-0.000683415
180,-0.00143436,-0.00152524,0.00414127,-0.00614279,0.00763565,-0.0086007,0.00844874,-0.00646548,0.00268561,0.00203349,-0.00658788
181,-0.0014798,0.00122789,-0.000843912,0.000501581,-0.000313726,0.000418723,-0.00106307,0.00242128,-0.00421758,0.00573006,-0.0062135
182,-0.000125956,0.00278614,-0.00497478,0.00660576,-0.00787616,0.00888458,-0.00933334,0.00877724,-0.00697415,0.00395382,7.86155e-06
183,0.00133009,0.00167614,-0.00427028,0.00619432,-0.00762793,0.00860578,-0.00852148,0.00666771,-0.00306087,-0.00154089,0.00612842
184,0.00150312,-0.00100698,0.000536974,-0.00028883,0.000134288,-1.32726e-05,0.000369483,-0.00167126,0.00366454,-0.00549828,0.00637413
185,0.000248069,-0.00267658,0.00475179,-0.00645975,0.00775384,-0.00849974,0.00865457,-0.0081661,0.0067653,-0.00419685,0.00060174
186,-0.00121426,-0.00175793,0.00430662,-0.00627439,0.0077566,-0.00863424,0.00844592,-0.00672292,0.00339267,0.00104476,-0.00564582
187,-0.00148609,0.000812775,-0.000299932,6.3973e-05,0.000153901,-0.000400986,0.000175013,0.00104137,-0.00309583,0.0052007,-0.00646557
188,-0.00033666,0.00253059,-0.00453733,0.00633384,-0.00761,0.00811499,-0.0080233,0.00755477,-0.00647591,0.00436595,-0.00117893
189,0.00109696,0.00176461,-0.00428996,0.00639995,-0.00795669,0.00866514,-0.00829252,0.00666598,-0.00363785,-0.000565493,0.00511793
190,0.00143079,-0.000681924,0.000143531,0.000204425,-0.000558766,0.000820421,-0.000582705,-0.000538389,0.00254426,-0.00484417,0.00647413
191,0.000374432,-0.00239392,0.00438588,-0.00619712,0.00737475,-0.00771988,0.00748898,-0.00698318,0.0061086,-0.00444616,0.00171911
192,-0.00100974,-0.00171887,0.00428754,-0.00655995,0.00814165,-0.00868431,0.0081404,-0.00653699,0.0037613,0.000131856,-0.00453353
193,-0.00136431,0.000635058,-2.42857e-05,-0.000535506,0.00102665,-0.00123607,0.000916308,0.000153126,-0.00206793,0.00445088,-0.00636927
194,-0.000364625,0.00232431,-0.00429908,0.00600728,-0.00704456,0.00731594,-0.00703668,0.00647877,-0.00571219,0.00443517,-0.00218302
195,0.000979842,0.00168548,-0.00434143,0.00671052,-0.00826269,0.00868967,-0.00802265,0.00637781,-0.00377187,0.000228071,0.00391691
196,0.00133266,-0.000636484,-0.000114069,0.000907468,-0.00149942,0.00164723,-0.00123042,0.000139319,0.00170585,-0.0040568,0.00613911
197,0.000348089,-0.00233556,0.00423807,-0.00575269,0.00665223,-0.00690128,0.00662366,-0.00604998,0.00535128,-0.00435204,0.00252262
198,-0.000993736,-0.00172032,0.00444912,-0.00681393,0.00831427,-0.00868019,0.00792809,-0.00622055,0.00372056,-0.000502776,-0.0033257
199,-0.00135703,0.000618932,0.00030204,-0.00127735,0.00194565,-0.00205841,0.00154329,-0.000368684,-0.00145127,0.00369659,-0.00581312
200,-0.000369047,0.00238497,-0.00416066,0.00545982,-0.00622974,0.00646481,-0.00621992,0.00569053,-0.00506549,0.00423156,-0.00271655
201,0.00100796,0.00182609,-0.00458184,0.00686948,-0.0083091,0.00864321,-0.00783434,0.00608312,-0.00366644,0.000705246,0.00282189
202,0.00141703,-0.000539299,-0.000538198,0.00162167,-0.00235574,0.00246414,-0.00185001,0.000558963,0.00126292,-0.00338483,0.00545586
203,0.000438864,-0.00241533,0.00404513,-0.00516046,0.00579695,-0.00599843,0.00581511,-0.00539145,0.00485435,-0.0041028,0.00279149
204,-0.000988234,-0.0019627,0.00471195,-0.00690184,0.00826143,-0.00855878,0.0077252,-0.00597878,0.00364505,-0.000857903,-0.00243189
205,-0.00147547,0.000402209,0.000806654,-0.00194896,0.00273005,-0.00284307,0.0021383,-0.000734151,-0.00109595,0.00311923,-0.00512716
206,-0.000536629,0.00239881,-0.00388865,0.00486258,-0.00536436,0.00551125,-0.00541205,0.00513814,-0.0046927,0.00398097,-0.00280081
207,0.000931091,0.00208969,-0.00482429,0.00692958,-0.00818314,0.00841585,-0.00759403,0.00591517,-0.00366333,0.000978847,0.00214098
208,0.00151039,-0.00023758,-0.00109296,0.00227993,-0.00307399,0.00316823,-0.00239624,0.000920274,0.000921217,-0.00289328,0.00485444
209,0.000636405,-0.0023417,0.00369543,-0.00455143,0.00493419,-0.00503107,0.00502179,-0.00490351,0.0045519,-0.00387486,0.00278955
210,-0.000852647,-0.00219201,0.00491283,-0.00694966,0.00807966,-0.00822583,0.00744529,-0.00588212,0.00371204,-0.00108364,-0.00191925
211,-0.00152233,6.87289e-05,0.00138839,-0.00262494,0.00339142,-0.00342644,0.00261915,-0.00113034,-0.000725282,0.00269759,-0.00464064
212,-0.0007268,0.00226162,-0.00346929,0.0042072,-0.00450537,0.00458881,-0.00465576,0.00466008,-0.00440815,0.00378855,-0.00278579
213,0.00076741,0.00227468,-0.00497512,0.00694208,-0.00795048,0.00801938,-0.00729056,0.00585449,-0.00377478,0.00118675,0.00173795
214,0.00152104,9.84684e-05,-0.00168921,0.00297451,-0.00367998,0.00362999,-0.00281162,0.00135531,0.000506286,-0.00251764,0.00447818
215,0.000809756,-0.00216902,0.00320956,-0.0038226,0.00408164,-0.00419728,0.00431946,-0.00439786,0.00424363,-0.00371709,0.00280709
216,-0.00067963,-0.00234716,0.00500564,-0.00688562,0.00779746,-0.00782565,0.00714202,-0.00581132,0.00383042,-0.00129531,-0.00156906
217,-0.0015134,-0.000270227,0.00199071,-0.00330505,0.00393674,-0.00380632,0.00298433,-0.00157602,-0.000274656,0.00233945,-0.00434962
218,-0.000891812,0.00206115,-0.0029134,0.0034099,-0.0036702,0.00384644,-0.00401111,0.00412471,-0.00405155,0.00364843,-0.00285879
219,0.00058467,0.00241065,-0.00499304,0.00677401,-0.00762795,0.00765565,-0.0070082,0.00574743,-0.00385938,0.00140561,0.00138871
220,0.00149766,0.000452731,-0.00228,0.00359586,-0.00416431,0.003978,-0.00315043,0.00177953,5.07382e-05,-0.00215769,0.00422882
221,0.000975195,-0.00192714,0.00258519,-0.00299129,0.00327495,-0.00351734,0.00372194,-0.00385305,0.00384094,-0.00357225,0.00292897
222,-0.000475972,-0.00245334,0.00492818,-0.00661777,0.00744957,-0.00750478,0.00689074,-0.00566839,0.00385435,-0.0015082,-0.0011882
223,-0.00146466,-0.000639823,0.0025393,-0.00384092,0.00436877,-0.00415475,0.00332088,-0.00196326,0.000146437,0.00197648,-0.00409299
224,-0.00105224,0.00176227,-0.00223942,0.00258341,-0.00289533,0.00319506,-0.00343892,0.00359033,-0.00363139,0.00348629,-0.00299478
225,0.000355014,0.00246031,-0.004812,0.00643234,-0.00726715,0.00736378,-0.00678292,0.00558118,-0.00382437,0.00159641,0.000977895
226,0.00140766,0.000813952,-0.00275542,0.00404532,-0.00455636,0.0043381,-0.00349921,0.00212961,-0.000310766,-0.00180329,0.0039356
227,0.00111081,-0.00157632,0.00189368,-0.00219231,0.00252846,-0.00287053,0.00315103,-0.00333925,0.0034398,-0.00339514,0.00303796
228,-0.000232758,-0.00242731,0.00465379,-0.00622825,0.00708334,-0.00722403,0.00667331,-0.00549079,0.00378687,-0.00166998,-0.000777021
229,-0.00133004,-0.00095939,0.00292311,-0.00421578,0.00473348,-0.00452634,0.00368023,-0.00228188,0.000450312,0.00164264,-0.00376682
230,-0.00114471,0.0013865,-0.00156292,0.00181873,-0.00216865,0.00253794,-0.00285502,0.0031006,-0.00327121,0.00330481,-0.00305529
231,0.000120892,0.00236223,-0.00446618,0.00601098,-0.00689729,0.00707733,-0.00655312,0.00540122,-0.00375578,0.00173295,0.000599112
232,0.00124156,0.00107052,-0.00304305,0.00435688,-0.00490521,0.00471546,-0.00385503,0.00242401,-0.000578917,-0.00149455,0.0036023
233,0.00115604,-0.00120682,0.00125845,-0.00146273,0.00180756,-0.0021942,0.00255545,-0.0028737,0.00311977,-0.00321893,0.00305599
234,-2.53876e-05,-0.00227713,0.00426335,-0.00578447,0.00670232,-0.00691601,0.00642123,-0.00531575,0.00373541,-0.0017899,-0.000445671
235,-0.00115126,-0.00114938,0.00312117,-0.00447256,0.00507079,-0.00489893,0.00401845,-0.00256076,0.00070694,0.00135651,-0.00345223
236,-0.00115032,0.00104553,-0.000987079,0.00112362,-0.001439,0.00183993,-0.00225847,0.00265595,-0.00297607,0.00313835,-0.00305223
237,-5.23935e-05,0.00218333,-0.0040595,0.00555147,-0.0064884,0.00673446,-0.00628219,0.00523605,-0.00372247,0.00184394,0.000309725
238,0.00106547,0.00120149,-0.00316847,0.00456661,-0.00522212,0.00506911,-0.00417219,0.00269696,-0.000837635,-0.00122563,0.00331814
239,0.00113348,-0.000906845,0.000748822,-0.000799204,0.00106415,-0.00147937,0.00196543,-0.00244306,0.00283385,-0.00306226,0.00305186
240,0.000113317,-0.00209118,0.00386519,-0.00531217,0.0062487,-0.00653077,0.00613972,-0.00516174,0.00371208,-0.00189633,-0.000182715
241,-0.000988932,-0.0012353,0.00319812,-0.00464059,0.00534816,-0.00521968,0.00432103,-0.00283659,0.000969753,0.0011001,-0.0031959
242,-0.00111212,0.000790527,-0.000536979,0.000487867,-0.00069152,0.00111855,-0.00167225,0.00222954,-0.00269157,0.00298995,-0.00305669
243,-0.000160795,0.00200882,-0.00368399,0.00506526,-0.00598384,0.00630656,-0.00599238,0.00508995,-0.00370224,0.00194775,5.94347e-05
244,0.000924011,0.0012615,-0.00322049,0.00469307,-0.00544128,0.00534724,-0.00446719,0.00298173,-0.00110236,-0.000979022,0.00308101
245,0.00109276,-0.000690682,0.000341903,-0.000191102,0.000331991,-0.000762823,0.00137383,-0.00200974,0.00254937,-0.00292162,0.00306538
246,0.000201038,-0.00193886,0.00351289,-0.00481125,0.00570079,-0.00606502,0.0058348,-0.00501554,0.00369358,-0.00199972,6.14576e-05
247,-0.000868911,-0.00128913,0.00323991,-0.00472235,0.00550013,-0.0054508,0.00460823,-0.00313147,0.00123718,0.000860798,-0.00297175
248,-0.00107902,0.000597922,-0.000155895,-8.72656e-05,6.1118e-06,0.000415898,-0.00106803,0.00177968,-0.00240548,0.00285728,-0.00307761
249,-0.000240549,0.00187728,-0.00334609,0.004554,-0.0054088,0.00580917,-0.00566138,0.00493262,-0.00368616,0.00205434,-0.000180743
250,0.000818366,0.00132134,-0.00325542,0.00472955,-0.00552852,0.00553032,-0.00473859,0.00328237,-0.00137702,-0.000742486,0.00286805
251,0.00106985,-0.000504536,-2.43172e-05,0.000344336,-0.000319009,-8.04741e-05,0.000756666,-0.00153797,0.0022556,-0.00279532,0.0030953
252,0.000282658,-0.00181676,0.00317889,-0.00429888,0.00511597,-0.00554161,0.00546897,-0.00483626,0.0036771,-0.00211276,0.000301501
253,-0.00076705,-0.00135521,0.00326375,-0.00471894,0.00553284,-0.00558571,0.00485233,-0.0034299,0.00152279,0.000620826,-0.00276816
254,-0.00106113,0.000408113,0.000198193,-0.00058038,0.000607129,-0.00024066,-0.000444385,0.00128519,-0.00209518,0.00273265,-0.00312011
255,-0.00032651,0.00175165,-0.00300953,0.0040497,-0.00482741,0.00526541,-0.00525777,0.0047228,-0.0036611,0.00217433,-0.000428362
256,0.000712569,0.00138535,-0.00326215,0.00469569,-0.00551946,0.00561747,-0.00494522,0.00356928,-0.00167219,-0.000493521,0.00266749
257,0.00104896,-0.000311018,-0.000363434,0.000798438,-0.000873496,0.000544635,0.000136628,-0.00102322,0.00192176,-0.00266579,0.00315088
258,0.000368971,-0.0016805,0.00283885,-0.00380727,0.00454499,-0.00498474,0.00503052,-0.00458952,0.00363257,-0.002237,0.00056481
259,-0.000655762,-0.00140777,0.00324977,-0.00466338,0.00549298,-0.00562787,0.00501558,-0.00369529,0.00182047,0.000359632,-0.00256014
260,-0.00103177,0.000217344,0.000518018,-0.00100211,0.00112166,-0.000829923,0.000162067,0.000755606,-0.00173578,0.00259153,-0.00318356
261,-0.000407211,0.00160535,-0.00266894,0.00357013,-0.00426849,0.00470392,-0.00479106,0.00443527,-0.00358736,0.00229783,-0.000711624
262,0.000599069,0.00142164,-0.00322755,0.00462295,-0.00545589,0.00562091,-0.00506386,0.00380269,-0.00196198,-0.000219534,0.00244106
263,0.00101036,-0.000130008,-0.000661247,0.00119344,-0.00135438,0.00109751,-0.000448834,-0.000487696,0.00154017,-0.00250736,0.00321255
264,0.000440174,-0.00152938,0.00250154,-0.0033367,0.00399706,-0.00442544,0.00454307,-0.0042614,0.00352348,-0.00235333,0.000866924
265,-0.000544601,-0.00142863,0.00319704,-0.00457384,0.00540943,-0.00560065,0.00509172,-0.00388776,0.00209137,7.49729e-05,-0.00230695
266,-0.000986614,4.95443e-05,0.000793402,-0.00137244,0.00157346,-0.00135024,0.000722415,0.000225525,-0.00133963,0.00241189,-0.00323191
267,-0.000468535,0.00145464,-0.00233766,0.0031069,-0.0037299,0.00414926,-0.00428928,0.00407175,-0.00344146,0.00239998,-0.00102665
268,0.000493053,0.00143087,-0.00315951,0.00451589,-0.00535428,0.00556933,-0.00510108,0.00394941,-0.00220462,7.10496e-05,0.00215684
269,0.000961961,2.5048e-05,-0.000914912,0.00153849,-0.00178021,0.0015909,-0.000982657,2.5944e-05,0.00113963,-0.00230535,0.00323627
270,0.000493504,-0.00138153,0.00217802,-0.00288193,0.00346631,-0.0038737,0.0040313,-0.00387125,0.00334422,-0.0024351,0.00118508
271,-0.000444015,-0.00142947,0.00311608,-0.00445031,0.00529077,-0.00552705,0.00509338,-0.00398894,0.00230012,-0.00021497,-0.00199247
272,-0.000936741,-9.46493e-05,0.00102616,-0.00169181,0.00197551,-0.00182083,0.00122976,-0.000263782,-0.000945027,0.00218955,-0.00322208
273,-0.000515695,0.00130985,-0.00202346,0.002663,-0.00320567,0.00359712,-0.00376988,0.00366445,-0.00323621,0.00245752,-0.00133601
274,0.000397076,0.00142463,-0.00306814,0.00437903,-0.00521899,0.00547262,-0.0050692,0.00400893,-0.0023788,0.000353674,0.00181814
275,0.000910853,0.000159332,-0.00112783,0.00183376,-0.00215989,0.00203976,-0.00146353,0.000486947,0.000758663,-0.00206718,0.00318867
276,0.000535092,-0.00123988,0.00187467,-0.00245032,0.00294753,-0.00331883,0.00350559,-0.00345472,0.00312174,-0.0024676,0.00147444
277,-0.000352392,-0.00141671,0.00301728,-0.00430369,0.0051389,-0.00540473,0.00502852,-0.0040122,0.00244336,-0.000485187,-0.00163941
278,-0.00088455,-0.000218962,0.00122116,-0.00196617,0.00233372,-0.00224641,0.00168296,-0.00069561,-0.000581042,0.00194081,-0.00313819
279,-0.000551756,0.00117242,-0.00173183,0.00224315,-0.00269147,0.00303928,-0.00323959,0.00324427,-0.00300363,0.0024666,-0.00159788
280,0.000310331,0.00140669,-0.00296501,0.00422507,-0.00505031,0.00532257,-0.00497145,0.00400121,-0.00249668,0.000608707,0.00146123
281,0.000858511,0.000273951,-0.00130775,0.00209063,-0.00249709,0.00243913,-0.00188664,0.000890512,0.000411084,-0.0018124,0.00307438
282,0.000566231,-0.00110807,0.00159454,-0.00204034,0.00243712,-0.00275981,0.00297389,-0.00303433,0.00288283,-0.00245594,0.00170642
283,-0.000270922,-0.00139587,0.00291245,-0.00414322,0.00495273,-0.00522609,0.00489895,-0.00397782,0.0025406,-0.000724196,-0.00128673
284,-0.000833396,-0.00032535,0.00138936,-0.0022082,0.00264965,-0.0026164,0.00207355,-0.00107252,-0.000247439,0.00168311,-0.0030009
285,-0.000579373,0.00104684,-0.00146179,0.00184067,-0.00218441,0.00248228,-0.00271085,0.00282557,-0.00275911,0.00243678,-0.00180167
286,0.000233732,0.00138531,-0.00286017,0.00405766,-0.00484552,0.00511601,-0.00481286,0.00394339,-0.00257564,0.000831862,0.00111704
287,0.000809522,0.000374523,-0.00146772,0.00231939,-0.00279046,0.00277714,-0.0022436,0.00124239,8.94666e-05,-0.00155364,0.00292026
288,0.000592023,-0.000988079,0.00133207,-0.00164311,0.00193397,-0.00220881,0.00245235,-0.00261834,0.00263203,-0.00240989,0.00188546
289,-0.000198028,-0.00137562,0.00280803,-0.00396756,0.00472843,-0.00499378,0.00471533,-0.00389881,0.00260151,-0.000931822,-0.000952082
290,-0.000786823,-0.000422849,0.00154418,-0.0024241,0.00291834,-0.00292092,0.0023975,-0.00140065,6.2588e-05,0.00142451,-0.00283364
291,-0.000604836,0.000930684,-0.0012035,0.00144703,-0.00168718,0.00194137,-0.00219947,0.00241285,-0.00250167,0.00237582,-0.00195894
292,0.000162924,0.00136679,-0.002755,0.00387198,-0.00460201,0.0048613,-0.00460816,0.00384464,-0.00261792,0.00102407,0.000791577
293,0.000764858,0.000471485,-0.00161931,0.00252169,-0.00303251,0.00304805,-0.00253628,0.00154759,-0.000208036,-0.0012963,0.0027415
294,0.000618171,-0.000873176,0.00107433,-0.0012524,0.00144567,-0.00168143,0.00195265,-0.00220933,0.00236869,-0.00233516,0.00202255
295,-0.000127502,-0.00135812,0.00269941,-0.00377029,0.00446756,-0.00472061,0.00449257,-0.00378125,0.00262495,-0.00110862,-0.000635603
296,-0.000742812,-0.000521032,0.00169268,-0.00261129,0.00313295,-0.00315946,0.00266073,-0.00168317,0.000346265,0.00116956,-0.00264422
297,-0.000631922,0.000814042,-0.000943469,0.00105976,-0.00121083,0.00142985,-0.00171212,0.00200825,-0.00223396,0.00228847,-0.00207641
298,9.106e-05,0.00134825,-0.00263943,0.00366236,-0.00432679,0.00457349,-0.0043694,0.00370902,-0.00262302,0.00118556,0.000484574
299,0.000719654,0.000571235,-0.00176303,0.00269222,-0.00322039,0.00325634,-0.00277134,0.00180718,-0.000476927,-0.00104474,0.00254239
300,0.000645444,-0.000752238,0.000810753,-0.000869884,0.000983341,-0.00118691,0.00147826,-0.00181032,0.00209824,-0.00223631,0.0021207
301,-5.33966e-05,-0.00133554,0.00257363,-0.00354852,0.0041812,-0.00442131,0.00423943,-0.00362853,0.00261263,-0.00125499,-0.000338932
302,-0.00069447,-0.000621018,0.00182867,-0.00276419,0.00329601,-0.00333989,0.00286842,-0.00191946,0.000599824,0.000922252,-0.00243671
303,-0.000657744,0.000687566,-0.000676921,0.000683406,-0.000763213,0.000952579,-0.00125163,0.0016164,-0.00196219,0.00217914,-0.00215575
304,1.4911e-05,0.0013187,-0.00250131,0.00342927,-0.00403183,0.00426505,-0.00410363,0.0035406,-0.00259423,0.00131698,0.000199004
305,0.000666806,0.000668886,-0.00188805,0.00282721,-0.00336095,0.00341112,-0.0029524,0.00202004,-0.000714757,-0.000802485,0.00232783
306,0.000667846,-0.000620685,0.000543253,-0.000500707,0.000549982,-0.000726698,0.00103282,-0.00142733,0.00182648,-0.00211744,0.00218189
307,2.35806e-05,-0.00129714,0.00242259,-0.00330496,0.00387908,-0.00410547,0.00396313,-0.00344621,0.00256829,-0.00137158,-6.50694e-05
308,-0.000636779,-0.00071348,0.0019401,-0.00288132,0.00341602,-0.00347096,0.00302395,-0.00210913,0.000821505,0.000685875,-0.00221629
309,-0.000675129,0.000552748,-0.000411133,0.000322016,-0.000343108,0.000509026,-0.000822227,0.00124388,-0.00169185,0.00205169,-0.00219936
310,-6.11906e-05,0.00127104,-0.00233811,0.00317578,-0.00372293,0.00394316,-0.00381906,0.00334643,-0.00253538,0.00141886,-6.2543e-05
311,0.000604923,0.000753982,-0.00198433,0.0029264,-0.00346154,0.00352022,-0.00308397,0.00218715,-0.000919903,-0.00057288,0.0021027
312,0.000679453,-0.000484915,0.000281713,-0.000147655,0.000142263,-0.000299208,0.000619955,-0.00106666,0.0015591,-0.00198248,0.00220841
313,9.72689e-05,-0.00124106,0.00224875,-0.00304188,0.00356322,-0.00377848,0.00367243,-0.00324239,0.00249626,-0.00145897,0.000183435
314,-0.000571897,-0.000790174,0.00202068,-0.00296218,0.00349748,-0.0035596,0.00313348,-0.00225475,0.00100996,0.000463955,-0.00198775
315,-0.000681035,0.000417998,-0.000155819,-2.18398e-05,5.25549e-05,9.68223e-05,-0.000425804,0.000896129,-0.00142902,0.00191045,-0.00220935
316,-0.000131518,0.00120796,-0.00215537,0.0029036,-0.0033999,0.00361152,-0.00352394,0.00313523,-0.00245185,0.00149213,-0.000297188
317,0.00053822,0.000822216,-0.00204935,0.00298842,-0.00352363,0.00358949,-0.00317342,0.00231277,-0.00109191,-0.000359519,0.00187225
318,0.000680218,-0.000352416,3.40091e-05,0.000185788,-0.000241063,9.84581e-05,0.000239373,-0.000732409,0.0013023,-0.00183632,0.00220265
319,0.000163901,-0.00117228,0.0020587,-0.0027615,0.0032331,-0.00344223,0.003374,-0.00302597,0.00240317,-0.00151872,0.000403438
320,-0.000504191,-0.000850357,0.0020706,-0.00300509,0.00353978,-0.00361003,0.00320457,-0.00236225,0.00116629,0.000259888,-0.00175712
321,-0.000677274,0.000288349,8.33343e-05,-0.000343542,0.000422786,-0.000286726,-6.02053e-05,0.000575312,-0.00117933,0.00176085,-0.00218899
322,-0.000194462,0.0011344,-0.0019594,0.00261631,-0.00306316,0.00327058,-0.00322273,0.00291533,-0.00235124,0.0015393,-0.000501982
323,0.000469967,0.00087478,-0.00208475,0.00301237,-0.00354581,0.00362113,-0.00322742,0.00240419,-0.00123388,-0.000165198,0.00164333
324,0.000672374,-0.000225923,-0.000195946,0.0004946,-0.000597174,0.000467801,-0.000112063,-0.000424371,0.00106018,-0.00168474,0.00216928
325,0.000223226,-0.00109456,0.001858,-0.00246875,0.00289065,-0.00309674,0.00307018,-0.00280372,0.00229686,-0.00155455,0.000592899
326,-0.000435666,-0.000895606,0.00209213,-0.00301056,0.00354177,-0.0036227,0.00324222,-0.00243944,0.00129555,7.536e-05,-0.00153174
327,-0.000665636,0.000165263,0.000303644,-0.000638616,0.000763699,-0.000641313,0.000277616,0.000278996,-0.000944553,0.00160854,-0.00214462
328,-0.000250186,0.001053,-0.001755,0.00231947,-0.00271621,0.00292106,-0.00291638,0.0026912,-0.0022405,0.00156516,-0.000676624
329,0.000401408,0.000912945,-0.00209302,0.00300002,-0.00352788,0.00361475,-0.00324912,0.00246859,-0.00135211,9.91309e-06,0.00142293
330,0.000657176,-0.000106489,-0.000406294,0.000775335,-0.000921915,0.000806825,-0.000436461,-0.000138625,0.000831964,-0.00153258,0.00211612
331,0.000275344,-0.00100996,0.00165079,-0.00216907,0.00254054,-0.00274411,0.00276147,-0.00257765,0.00218225,-0.00157176,0.0007539
332,-0.000367307,-0.000926914,0.00208773,-0.00298111,0.00350444,-0.00359749,0.00324823,-0.00249192,0.00140406,-9.10246e-05,-0.00131708
333,-0.000647111,4.9692e-05,0.000503792,-0.000904549,0.00107146,-0.000963952,0.000588522,2.84458e-06,-0.000721896,0.00145697,-0.0020847
334,-0.000298709,0.000965622,-0.00154575,0.0020181,-0.00236437,0.00256655,-0.00260573,0.00246284,-0.00212195,0.00157483,-0.000825617
335,0.000333456,0.000937626,-0.00207649,0.00295416,-0.00347185,0.00357126,-0.00323976,0.0025095,-0.00145161,0.000168383,0.001214
336,0.000635541,5.05767e-06,-0.000596037,0.00102606,-0.00121205,0.00111243,-0.000733726,0.000128564,0.000614003,-0.00138166,0.00205093
337,0.000320299,-0.000920163,0.00144022,-0.00186709,0.0021884,-0.00238906,0.00244942,-0.00234659,0.00205934,-0.00157464,0.000892594
338,-0.000299932,-0.000945174,0.00205955,-0.00291955,0.00343061,-0.00353656,0.00322395,-0.00252125,0.00149471,-0.000242314,-0.00111325
339,-0.000622553,-5.76936e-05,0.000682924,-0.00113969,0.00134349,-0.00125215,0.000872047,-0.000255627,-0.000508175,0.00130653,-0.00201501
340,-0.000340123,0.000873726,-0.00133451,0.00171662,-0.00201333,0.00221222,-0.00229282,0.00222878,-0.00199424,0.00157132,-0.000955413
341,0.000266801,0.000949625,-0.0020371,0.00287765,-0.00338128,0.00349395,-0.00320103,0.00252703,-0.00153317,0.000313028,0.00101435
342,0.000608213,0.000108138,-0.000764321,0.00124527,-0.00146569,0.00138312,-0.00100348,0.000378216,0.000404509,-0.00123148,0.00197686
343,0.000358175,-0.000826446,0.00122897,-0.00156725,0.00183985,-0.00203656,0.00213615,-0.00210945,0.00192661,-0.0015649,0.00101437
344,-0.000234135,-0.00095102,0.00200935,-0.00282894,0.0033245,-0.00344396,0.00317119,-0.0025267,0.00156682,-0.000380629,-0.000916929
345,-0.000592578,-0.00015628,0.000840067,-0.0013427,0.00157868,-0.00150546,0.00112798,-0.000496093,-0.000303209,0.00115643,-0.00193631
346,-0.000374429,0.000778472,-0.001124,0.00141958,-0.00166852,0.00186244,-0.00197961,0.00198875,-0.00185655,0.0015554,-0.00106953
347,0.000202021,0.000949382,-0.00197655,0.00277394,-0.00326095,0.00338709,-0.0031346,0.00252018,-0.00159558,0.000445142,0.000820789
348,0.000575702,0.00020197,-0.000909994,0.00143196,-0.00168266,0.0016193,-0.00124547,0.000608971,0.000204508,-0.00108138,0.00189318
349,0.000388836,-0.00073,0.00102004,-0.00127417,0.00149979,-0.00169017,0.00182346,-0.00186696,0.00178424,-0.00154279,0.00112082
350,-0.000170582,-0.000944752,0.00193901,-0.00271325,0.00319125,-0.00332374,0.00309138,-0.00250749,0.00161942,-0.000506541,-0.000725886
351,-0.000557667,-0.000245021,0.000973974,-0.00151315,0.00177784,-0.00172479,0.0013558,-0.00071657,-0.000108623,0.00100636,-0.00184735
352,-0.000401344,0.000681297,-0.00091759,0.00113149,-0.00133397,0.00151997,-0.00166802,0.00174443,-0.0017099,0.00152709,-0.00116814
353,0.000139977,0.000937233,-0.00189716,0.00264749,-0.00311594,0.00325424,-0.00304173,0.00248873,-0.00163835,0.000564764,0.000632285
354,0.000538605,0.000285256,-0.00103198,0.00158647,-0.0018645,0.00182198,-0.00145883,0.000818648,1.5748e-05,-0.000931464,0.00179881
355,0.000411931,-0.000632692,0.000817131,-0.000991902,0.0011713,-0.0013521,0.00151364,-0.00162153,0.00163377,-0.00150832,0.00121135
356,-0.000110381,-0.000927029,0.00185152,-0.00257721,0.00303545,-0.0031789,0.00298588,-0.00246409,0.00165245,-0.000619735,-0.000540119
357,-0.000518705,-0.000322565,0.00108409,-0.00165217,0.00194284,-0.00191092,0.00155443,-0.000915022,7.39421e-05,0.000856799,-0.00174758
358,-0.000420635,0.000584529,-0.000719068,0.000855685,-0.00101196,0.00118684,-0.00136072,0.00149865,-0.00155609,0.00148652,-0.00125036
359,8.19469e-05,0.000914432,-0.00180264,0.00250295,-0.00295015,0.00309802,-0.00292413,0.00243379,-0.00166178,0.000671377,0.00044956
360,0.00049819,0.000356946,-0.00113055,0.00171054,-0.00201302,0.00199161,-0.00164253,0.00100556,-0.000160291,-0.000782515,0.00169375
361,0.000427568,-0.000537104,0.000623685,-0.000723035,0.000856151,-0.00102449,0.00120963,-0.00137615,0.00147711,-0.00146179,0.00128508
362,-5.47681e-05,-0.000899788,0.00175105,-0.00242513,0.00286037,-0.0030119,0.00285681,-0.00239811,0.00166647,-0.000719617,-0.000360804
363,-0.000477278,-0.000388509,0.00117165,-0.00176181,0.00207514,-0.00206406,0.00172309,-0.00109019,0.000243161,0.000708776,-0.00163746
364,-0.000432894,0.000490618,-0.000531145,0.00059412,-0.00070412,0.000865362,-0.00106074,0.00125439,-0.00139708,0.00143421,-0.00131545
365,2.8862e-05,0.000883427,-0.00169719,0.00234417,-0.00276645,0.00292089,-0.00278427,0.00235732,-0.00166663,0.0007644,0.000274053
366,0.000456144,0.000417441,-0.00120773,0.00180622,-0.00212929,0.00212829,-0.00179611,0.00116886,-0.000322441,-0.00063575,0.0015789
367,0.000436793,-0.000445162,0.0004415,-0.00046909,0.000556141,-0.0007098,0.000914395,-0.00113366,0.00131625,-0.00140391,0.00134147
368,-4.1848e-06,-0.000865612,0.00164142,-0.00226045,0.00266878,-0.00282536,0.00270684,-0.00231169,0.00166242,-0.000805688,-0.000189508
369,-0.000434898,-0.000443946,0.00123912,-0.00184403,0.00217558,-0.00218434,0.0018616,-0.00124156,0.000398039,0.000563608,-0.00151825
370,-0.000439422,0.000400748,-0.00035474,0.000348075,-0.000412502,0.000558152,-0.000770916,0.00101426,-0.00123485,0.00137105,-0.00136315
371,-1.93372e-05,0.000846527,-0.00158402,0.00217433,-0.00256778,0.00272571,-0.00262487,0.00226151,-0.00165399,0.000843465,0.000107352
372,0.000413595,0.000468203,-0.00126608,0.00187548,-0.00221416,0.00223225,-0.00191958,0.00130829,-0.000469891,-0.000492511,0.00145574
373,0.000440899,-0.000357343,0.000270826,-0.000231178,0.000273477,-0.000410769,0.000630628,-0.000896445,0.0011531,-0.00133577,0.00138054
374,4.17776e-05,-0.000826287,0.00152519,-0.00208617,0.00246388,-0.00262238,0.00253872,-0.00220702,0.00164148,-0.000877732,-2.7747e-05
375,-0.000392255,-0.000490346,0.00128884,-0.00190081,0.00224521,-0.00227214,0.0019701,-0.00136904,0.00053794,0.000422604,-0.0013916
376,-0.0004413,0.000314914,-0.000189715,0.000118472,-0.000139302,0.000267989,-0.00049386,0.000780477,-0.00107118,0.00129822,-0.00139373
377,-6.3193e-05,0.000804963,-0.00146506,0.00199626,-0.00235755,0.00251584,-0.00244878,0.00214849,-0.00162504,0.000908503,-4.91761e-05
378,0.000370885,0.000510466,-0.00130758,0.00192026,-0.002269,0.00230418,-0.00201322,0.00142381,-0.000602126,-0.000354022,0.00132603
379,0.000440676,-0.000273437,0.000111382,-1.00086e-05,1.01626e-05,-0.000130116,0.00036094,-0.000666619,0.000989295,-0.00125856,0.00140281
380,8.36194e-05,-0.000782607,0.00140379,-0.00190489,0.00224921,-0.00240658,0.00235545,-0.00208618,0.00160477,-0.00093579,0.000123312
381,-0.000349494,-0.000528622,0.00132243,-0.00193408,0.00228579,-0.00232859,0.00204904,-0.00147259,0.000662374,0.000286896,-0.00125924
382,-0.000439058,0.000232908,-3.58233e-05,-9.41703e-05,0.000113802,-2.59816e-06,-0.000232179,0.000555147,-0.000907636,0.00121692,-0.00140787
383,-0.000103075,0.000759263,-0.00134148,0.00181232,-0.00213928,0.0022951,-0.00225918,0.00202036,-0.00158081,0.000959603,-0.000194566
384,0.000328094,0.000544849,-0.0013335,0.00194245,-0.00229586,0.00234564,-0.00207772,0.00151539,-0.000718593,-0.000221357,0.00119139
385,0.000436471,-0.000193341,-3.69437e-05,0.000194027,-0.000232495,0.000129959,0.000107852,-0.000446349,0.000826432,-0.00117344,0.00140899
386,0.000121565,-0.000734978,0.00127825,-0.00171877,0.00202812,-0.00218186,0.0021604,-0.00195134,0.00155329,-0.000979948,0.000262838
387,-0.000306706,-0.000559171,0.00134089,-0.0019456,0.00229951,-0.00235562,0.00209945,-0.00155224,0.000770685,0.00015755,-0.00112265
388,-0.000432939,0.000154766,0.000106884,-0.00028952,0.000345847,-0.000251829,1.18069e-05,0.000340514,-0.000745938,0.00112828,-0.00140621
389,-0.000139087,0.000709806,-0.00121425,0.0016245,-0.00191608,0.00206729,-0.00205957,0.00187948,-0.00152239,0.000996834,-0.000328005
390,0.00028536,0.00057161,-0.00134468,0.00194369,-0.00229702,0.00235885,-0.00211447,0.00158322,-0.000818573,-9.56298e-05,0.00105322
391,0.000428485,-0.000117222,-0.000173948,0.000380606,-0.000453814,0.000368118,-0.000126614,-0.000237916,0.000666429,-0.00108162,0.00139961
392,0.000155631,-0.000683809,0.0011496,-0.00152972,0.00180348,-0.00195178,0.00195709,-0.00180514,0.00148833,-0.00101029,0.000389925
393,-0.000264089,-0.000582182,0.00134497,-0.00193691,0.00228866,-0.00235565,0.00212303,-0.00160843,0.000862216,3.57532e-05,-0.000983305
394,-0.000423135,8.07571e-05,0.000238082,-0.000467243,0.000556365,-0.000478769,0.000236425,0.000138801,-0.000588179,0.00103364,-0.00138926
395,-0.000171189,0.000657054,-0.00108447,0.00143466,-0.00169061,0.00183569,-0.00185338,0.00172869,-0.00145137,0.00102035,-0.000448448
396,0.000242933,0.000590909,-0.00134186,0.00192546,-0.00227469,0.00234631,-0.0021254,0.00162805,-0.00090162,2.19287e-05,0.000913162
397,0.000416921,-4.54231e-05,-0.000299228,0.000549394,-0.000653487,0.000583749,-0.000341129,-4.33725e-05,0.000511438,-0.000984573,0.00137528
398,0.000185749,-0.00062962,0.00101901,-0.00133955,0.00157775,-0.00171934,0.0017488,-0.00165053,0.00141179,-0.00102711,0.000503438
399,-0.000221936,-0.000597817,0.00133545,-0.00190953,0.00225539,-0.00233112,0.00212186,-0.00164228,0.000936838,-7.72813e-05,-0.000843066
400,-0.000409876,1.12746e-05,0.000357333,-0.000627032,0.000745171,-0.00068303,0.000440642,-4.82096e-05,-0.000436423,0.000934629,-0.00135784
401,-0.000199301,0.000601593,-0.000953394,0.00124461,-0.00146515,0.00160303,-0.00164371,0.00157102,-0.00136987,0.00103066,-0.000554792
402,0.000201146,0.000602941,-0.00132587,0.00188931,-0.00223098,0.00231036,-0.00211269,0.00165134,-0.00096796,0.000130193,0.000773301
403,0.000402044,2.16364e-05,-0.000412356,0.000700138,-0.00083141,0.000776593,-0.000534905,0.000135832,0.000363312,-0.000884033,0.00133714
404,0.00021184,-0.000573065,0.000887784,-0.00115004,0.00135305,-0.00148705,0.00153844,-0.00149049,0.00132588,-0.00103113,0.000602449
405,-0.000180612,-0.000606327,0.00131326,-0.00186499,0.00220171,-0.0022843,0.00209818,-0.00165549,0.000995099,-0.00018058,-0.000704136
406,-0.00039347,-5.32653e-05,0.00046427,-0.000768702,0.000912197,-0.000864419,0.000623884,-0.000219423,-0.000292246,0.000833001,-0.00131341
407,-0.000223368,0.000544129,-0.000822342,0.00105605,-0.0012417,0.00137169,-0.00143332,0.00140927,-0.00128007,0.00102867,-0.000646392
408,0.000160381,0.000608032,-0.00129774,0.00183677,-0.00216781,0.0022532,-0.00207862,0.00165497,-0.00101838,0.000228381,0.000635818
409,0.000384206,8.35793e-05,-0.000513064,0.000832719,-0.000987522,0.000946501,-0.000707572,0.000298944,0.000223339,-0.000781735,0.00128691
410,0.000233893,-0.000514877,0.000757217,-0.00096284,0.00113133,-0.00125722,0.00132862,-0.00132761,0.00123269,-0.00102342,0.000686645
411,-0.000140492,-0.000608118,0.00127946,-0.00180484,0.0021295,-0.00221734,0.0020543,-0.00165004,0.00103794,-0.000273564,-0.000568563
412,-0.000374305,-0.000112557,0.000558733,-0.000892184,0.00105738,-0.00102284,0.00078598,-0.000374381,-0.000156681,0.000730421,-0.00125787
413,-0.000243431,0.000485389,-0.000692546,0.000870595,-0.00102219,0.00114392,-0.00122463,0.00124579,-0.00118395,0.00101556,-0.000723261
414,0.000120979,0.000606646,-0.00125856,0.00176939,-0.00208704,0.00217701,-0.0020255,0.00164092,-0.00105391,0.000316112,0.000502554
415,0.000363812,0.000140186,-0.000601279,0.000947093,-0.00112176,0.00109346,-0.00085914,0.000445735,9.23438e-05,-0.000679229,0.00122654
416,0.000251999,-0.000455734,0.000628458,-0.000779512,0.000914531,-0.00103204,0.00112159,-0.00116402,0.00113405,-0.00100523,0.000756316
417,-0.000101867,-0.000603672,0.00123515,-0.00173061,0.00204067,-0.00213249,0.00199252,-0.00162785,0.00106642,-0.00035603,-0.000437943
418,-0.00035277,-0.000166453,0.000640702,-0.000997452,0.0011807,-0.0011584,0.000927096,-0.00051302,-3.03864e-05,0.00062831,-0.00119316
419,-0.000259611,0.000425976,-0.000565078,0.000689786,-0.000808586,0.000921839,-0.00101973,0.0010825,-0.00108318,0.000992608,-0.000785903
420,8.31823e-05,0.000599245,-0.00120938,0.00168872,-0.00199067,0.00208408,-0.00195561,0.00161104,-0.00107561,0.000393331,0.000374858
421,0.000341213,0.000191342,-0.000676999,0.00104327,-0.00123422,0.00121772,-0.0009899,0.000576253,-2.91423e-05,-0.0005778,0.00115793
422,0.000266278,-0.000396178,0.000502533,-0.000601609,0.000704585,-0.00081354,0.000919248,-0.00100142,0.00103151,-0.000977832,0.000812119
423,-6.49501e-05,-0.000593406,0.00118135,-0.00164391,0.00193731,-0.00203207,0.00191503,-0.00159069,0.0010816,-0.000428042,-0.000313401
424,-0.000329178,-0.000214831,0.000710166,-0.00108459,0.00128239,-0.00127147,0.00104761,-0.000635458,8.62013e-05,0.000527819,-0.00112107
425,-0.000272004,0.000366407,-0.000440957,0.000515167,-0.000602742,0.000707356,-0.000820347,0.000920954,-0.000979204,0.000961053,-0.000835069
426,4.72013e-05,0.000586201,-0.00115121,0.00159641,-0.00188087,0.00197674,-0.00187106,0.001567,-0.00108451,0.000460193,0.000253658
427,0.000316701,0.000236892,-0.000740203,0.00112143,-0.00132528,0.00131977,-0.0011003,0.000690657,-0.000140756,-0.000478476,0.00108274
428,0.000276797,-0.000336738,0.000380486,-0.000430636,0.000503252,-0.000603483,0.000723209,-0.00084128,0.000926417,-0.00094241,0.000854857
429,-2.99704e-05,-0.000577678,0.00111909,-0.00154645,0.00182163,-0.00191838,0.00182392,-0.00154017,0.00108446,-0.00048982,-0.0001957
430,-0.000303824,-0.0002575,0.000767114,-0.00115386,0.00136299,-0.00136269,0.00114804,-0.00074188,0.000192774,0.000429869,-0.00104313
431,-0.000280662,0.00030725,-0.000321258,0.000348184,-0.00040629,0.000502094,-0.000628005,0.000762555,-0.000873301,0.000922035,-0.000871585
432,1.32941e-05,0.000567896,-0.00108514,0.00149425,-0.00175985,0.00185726,-0.00177389,0.00151039,-0.00108158,0.000516961,0.000139589
433,0.000290595,0.000276631,-0.000790919,0.00118194,-0.00139561,0.00140036,-0.00119091,0.000789157,-0.000242229,-0.00038209,0.00100239
434,0.000283613,-0.00027803,0.000263408,-0.000267967,0.000312014,-0.000403349,0.000534895,-0.000684936,0.00082,-0.000900056,0.000885352
435,2.79158e-06,-0.000556921,0.00104953,-0.00144004,0.0016958,-0.00179366,0.00172119,-0.00147784,0.00107598,-0.000541656,-8.53783e-05
436,-0.000277065,-0.000294271,0.000811649,-0.00120576,0.00142326,-0.00143289,0.00122901,-0.000832527,0.000289099,0.000335223,-0.00096067
437,-0.000285668,0.000249161,-0.000207065,0.000190129,-0.000220568,0.00030739,-0.000444025,0.000608573,-0.000766659,0.000876598,-0.000896252
438,-1.82534e-05,0.000544829,-0.00101242,0.00138404,-0.00162974,0.00172783,-0.00166606,0.00144272,-0.0010678,0.000563946,3.31189e-05
439,0.000263288,0.000310413,-0.000829352,0.0012254,-0.00144607,0.0014604,-0.00126242,0.000872038,-0.000333368,-0.000289348,0.000918113
440,0.000286851,-0.000220725,0.000152347,-0.000114804,0.000132084,-0.000214346,0.00035553,-0.000533607,0.000713415,-0.000851782,0.000904379
441,3.30627e-05,-0.000531702,0.000973991,-0.00132649,0.00156191,-0.00166002,0.00160873,-0.00140521,0.00105714,-0.000583876,1.71421e-05
442,-0.000249319,-0.000325064,0.000844091,-0.00124096,0.00146415,-0.00148302,0.00129126,-0.000907743,0.000375028,0.000244539,-0.000874858
443,-0.000287192,0.000192799,-9.93622e-05,4.21086e-05,-4.6682e-05,0.000124337,-0.000269533,0.00046017,-0.000660402,0.000825727,-0.000909826
444,-4.71963e-05,0.000517624,-0.000934407,0.00126762,-0.00149256,0.00159047,-0.00154943,0.00136551,-0.00104416,0.000601495,-6.53618e-05
445,0.000235214,0.000338236,-0.000855939,0.00125257,-0.00147763,0.00150088,-0.00131562,0.000939704,-0.000414082,-0.000200865,0.000831043
446,0.000286725,-0.000165451,4.82012e-05,2.7851e-05,-3.55297e-05,-3.74734e-05,0.00018615,-0.000388384,0.000607745,-0.000798552,0.000912692
447,6.06366e-05,-0.000502681,0.00089384,-0.00120763,0.00142193,-0.00151943,0.00148838,-0.00132381,0.00102896,-0.000616853,0.000111503
448,-0.000221022,-0.000349951,0.000864982,-0.00126035,0.00148667,-0.00151409,0.00133561,-0.000967989,0.000450537,0.000158388,-0.000786801
449,-0.000285487,0.000138744,1.05705e-06,-9.49853e-05,0.000114453,-4.61425e-05,-0.000105486,0.000318359,-0.000555559,0.00077037,-0.000913076
450,-7.33713e-05,0.00048696,-0.000852457,0.00114675,-0.00135027,0.00144712,-0.00142578,0.00128027,-0.00101169,0.000630008,-0.000155536
451,0.000206794,0.000360239,-0.000871314,0.00126443,-0.00149139,0.00152281,-0.00135134,0.000992671,-0.000484412,-0.000117165,0.000742263
452,0.000283517,-0.000112731,-4.83479e-05,0.000159219,-0.000190001,0.000126415,2.76411e-05,-0.000250198,0.000503951,-0.000741293,0.000911081
453,8.53926e-05,-0.000470544,0.000810414,-0.00108519,0.00127779,-0.00137378,0.00136186,-0.00123507,0.000992466,-0.000641017,0.00019744
454,-0.000192576,-0.000369133,0.000875036,-0.00126495,0.00149195,-0.00152717,0.00136293,-0.00101383,0.000515726,7.72446e-05,-0.00069755
455,-0.000280854,8.74598e-05,9.36193e-05,-0.00022049,0.000262099,-0.000203258,4.72926e-05,0.000183996,-0.000453022,0.000711428,-0.000906812
456,-9.66973e-05,0.000453514,-0.000767865,0.00102314,-0.00120474,0.00129963,-0.00129681,0.00118839,-0.000971404,0.000649939,-0.0002372
457,0.000178408,0.000376671,-0.000876252,0.00126206,-0.00148851,0.00152732,-0.0013705,0.00103153,-0.000544502,-3.86709e-05,0.000652777
458,0.000277539,-6.29688e-05,-0.000136831,0.000278749,-0.000330684,0.000276595,-0.000119231,-0.000119841,0.000402867,-0.000680876,0.000900371
459,0.000107285,-0.000435947,0.00072495,-0.000960811,0.00113132,-0.00122491,0.00123085,-0.00114038,0.000948622,-0.000656834,0.00027481
460,-0.000164331,-0.000382892,0.000875067,-0.0012559,0.00148124,-0.00152341,0.00137418,-0.00104587,0.000570762,1.4835e-06,-0.000608052
461,-0.000273612,3.92921e-05,0.000177952,-0.000333961,0.000395704,-0.000346361,0.000188099,5.78157e-05,-0.000353575,0.000649737,-0.000891859
462,-0.00011716,0.000417916,-0.000681805,0.000898371,-0.00105776,0.00114982,-0.00116417,0.00109122,-0.000924237,0.000661763,-0.000310266
463,0.000150378,0.00038784,-0.000871589,0.00124663,-0.00147029,0.00151561,-0.00137408,0.00105692,-0.000594534,3.42816e-05,0.000563477
464,0.000269109,-1.64579e-05,-0.000216961,0.000386097,-0.000457123,0.000412504,-0.000253829,2.00013e-06,0.000305236,-0.000618104,0.000881375
465,0.000126326,-0.00039949,0.000638557,-0.000836001,0.000984261,-0.0010746,0.00109697,-0.00104107,0.000898362,-0.000664785,0.000343567
466,-0.000136582,-0.000391557,0.000865924,-0.00123439,0.00145586,-0.00150409,0.00137036,-0.00106477,0.000615844,-6.85914e-05,-0.000519148
467,-0.000264069,-5.50948e-06,0.000253841,-0.000435143,0.000514915,-0.000474983,0.000316364,-5.95327e-05,-0.000257936,0.000586072,-0.000869013
468,-0.000134789,0.000380735,-0.000595326,0.000773868,-0.000911024,0.000999436,-0.00102945,0.000990076,-0.000871113,0.000665963,-0.000374714
469,0.000122973,0.000394083,-0.000858179,0.00121936,-0.00143813,0.00148902,-0.00136316,0.00106951,-0.000634724,0.000101415,0.000475158
470,0.000258528,2.65886e-05,-0.000288582,0.000481093,-0.000569069,0.000533773,-0.000375657,0.000114713,0.000211757,-0.000553732,0.000854867
471,0.000142558,-0.000361714,0.000552227,-0.000712131,0.000838238,-0.000924542,0.000961793,-0.000938411,0.000842606,-0.000665357,0.000403707
472,-0.000109578,-0.000395463,0.00084846,-0.00120167,0.00141726,-0.00147058,0.00135261,-0.00107123,0.000651209,-0.000132725,-0.000431598
473,-0.000252521,-4.67604e-05,0.000321179,-0.00052395,0.000619586,-0.000588858,0.000431667,-0.00016748,-0.000166781,0.000521172,-0.000839031
474,-0.000149641,0.000342487,-0.000509369,0.00065094,-0.000766081,0.000850104,-0.000894192,0.000886232,-0.000812957,0.00066303,-0.000430552
475,9.64235e-05,0.000395739,-0.000836875,0.0011815,-0.00139345,0.00144895,-0.00133887,0.00107004,-0.000665339,0.000162496,0.000388558
476,0.000246081,6.60086e-05,-0.000351635,0.000563726,-0.000666478,0.000640235,-0.000484368,0.000217776,0.000123082,-0.000488482,0.000821601
477,0.000156045,-0.000323115,0.000466856,-0.000590437,0.00069472,-0.000776304,0.000826822,-0.000833698,0.000782286,-0.000659048,0.000455254
478,-8.3535e-05,-0.000394956,0.000823532,-0.00115899,0.00136687,-0.00142431,0.0013221,-0.00106605,0.000677161,-0.000190705,-0.000346128
479,-0.000239245,-8.43192e-05,0.000379955,-0.000600443,0.000709766,-0.000687912,0.000533741,-0.000265556,-8.07328e-05,0.000455749,-0.000802671
480,-0.000161782,0.000303654,-0.000424789,0.000530753,-0.000624313,0.000703315,-0.000759856,0.000780964,-0.000750712,0.000653477,-0.000477823
481,7.0936e-05,0.000393158,-0.000808537,0.0011343,-0.00133772,0.00139684,-0.00130246,0.00105936,-0.000686724,0.000217333,0.000304393
482,0.000232047,0.000101682,-0.000406153,0.000634129,-0.00074948,0.000731904,-0.000579776,0.000310781,3.97986e-05,-0.00042306,0.00078234
483,0.000166864,-0.000284161,0.00038326,-0.000472012,0.000555007,-0.000631299,0.000693462,-0.000728183,0.000718352,-0.000646389,0.000498271
484,-5.86484e-05,-0.000390393,0.000792,-0.00110758,0.00130616,-0.00136674,0.0012801,-0.0010501,0.000694087,-0.000242368,-0.000263438
485,-0.000224521,-0.00011809,0.000430247,-0.000664817,0.000785658,-0.000772239,0.000622477,-0.000353423,-3.39134e-07,0.0003905,-0.000760709
486,-0.000171305,0.000264689,-0.000342357,0.00041433,-0.00048694,0.000560411,-0.000627799,0.000675502,-0.000685326,0.000637856,-0.000516618
487,4.66921e-05,0.000386708,-0.000774027,0.00107899,-0.00127238,0.00133417,-0.0012552,0.00103839,-0.000699311,0.000265797,0.000223346
488,0.0002167,0.00013354,-0.00045226,0.00069255,-0.000818344,0.00080895,-0.000661856,0.000393462,-3.75926e-05,-0.000358151,0.000737881
489,0.00017512,-0.000245289,0.00030216,-0.000357814,0.000420242,-0.000490796,0.000563016,-0.000623063,0.00065175,-0.000627952,0.000532888
490,-3.50845e-05,-0.000382153,0.000754724,-0.00104867,0.00123655,-0.00129933,0.00122792,-0.00102436,0.000702464,-0.000287617,-0.000184194
491,-0.000208619,-0.000148031,0.00047222,-0.000717373,0.000847589,-0.00084208,0.000697934,-0.00043089,7.39504e-05,0.000326094,-0.00071396
492,-0.000178325,0.000226007,-0.000262745,0.000302564,-0.000355033,0.000422589,-0.000499257,0.000571002,-0.000617737,0.000616756,-0.000547111
493,2.38413e-05,0.000376774,-0.000734195,0.00101677,-0.00119885,0.00126239,-0.00119842,0.00100814,-0.000703617,0.000307828,0.000146055
494,0.000200308,0.000161566,-0.00049016,0.000739336,-0.000873452,0.00087168,-0.000730742,0.000465704,-0.000108695,-0.000294405,0.000689052
495,0.000180937,-0.000206889,0.000224181,-0.000248673,0.000291428,-0.00035592,0.000436655,-0.000519447,0.000583399,-0.000604345,0.000559321
496,-1.2976e-05,-0.000370619,0.00071254,-0.000983444,0.00115944,-0.00122354,0.00116688,-0.000989861,0.000702845,-0.000326433,-0.000108999
497,-0.000191798,-0.000174149,0.000506114,-0.000758496,0.000895994,-0.000897808,0.000760319,-0.000497913,0.000141796,0.000263157,-0.000663263
498,-0.000182973,0.000187974,-0.000186531,0.000196226,-0.00022953,0.000290906,-0.000375334,0.000468521,-0.000548841,0.000590802,-0.000569563
499,2.50047e-06,0.000363735,-0.00068986,0.00094882,-0.00111851,0.00118295,-0.00113346,0.00096965,-0.000700226,0.000343445,7.30866e-05
500,0.000183118,0.000185788,-0.00052012,0.000774913,-0.000915286,0.000920528,-0.000786711,0.000527532,-0.000173225,-0.000232419,0.000636699
501,0.000184453,-0.000169303,0.000149855,-0.000145303,0.000169437,-0.000227659,0.000315412,-0.000418336,0.000514167,-0.000576205,0.000577881
502,7.57465e-06,-0.000356166,0.000666251,-0.000913044,0.0010762,-0.0011408,0.00109833,-0.000947641,0.00069584,-0.000358877,-3.8374e-05
503,-0.000174296,-0.00019649,0.000532219,-0.00078865,0.000931403,-0.000939913,0.000809973,-0.000554583,0.000202964,0.000202257,-0.000609462
504,-0.000185393,0.000150913,-0.000114207,9.59745e-05,-0.000111237,0.000166277,-0.000256996,0.000369001,-0.000479476,0.000560637,-0.000584328
505,-1.724e-05,0.000347959,-0.000641808,0.00087625,-0.0010327,0.00109727,-0.00106165,0.000923966,-0.000689769,0.000372748,4.91073e-06
506,0.000165359,0.000206263,-0.000542453,0.000799775,-0.000944427,0.000956043,-0.000830165,0.000579095,-0.000230998,-0.000172729,0.000581655
507,0.000185811,-0.000132837,7.96387e-05,-4.83078e-05,5.50107e-05,-0.000106854,0.000200184,-0.000320615,0.000444863,-0.000544178,0.000588959
508,2.64871e-05,-0.000339156,0.000616624,-0.000838574,0.000988152,-0.00105253,0.00102357,-0.000898756,0.000682094,-0.000385082,2.72599e-05
509,-0.000156335,-0.00021512,0.000550865,-0.000808359,0.000954443,-0.000969003,0.000847356,-0.000601101,0.000257319,0.000143893,-0.000553377
510,-0.000185727,0.00011511,-4.61962e-05,2.36227e-06,-8.28646e-07,4.94708e-05,-0.000145066,0.000273272,-0.000410418,0.000526908,-0.000591834
511,-3.53087e-05,0.000329803,-0.000590792,0.000800147,-0.000942728,0.00100674,-0.000984268,0.000872139,-0.000672901,0.000395905,-5.81004e-05
